full_name,country,win_count
"Abbagnato, Anastasia",Italy,5
"Abduraimova, Nigina",Uzbekistan,5
"Aboian, Leonardo",Argentina,6
"Aboian, Valerio",Argentina,10
"Adams, Harrison",USA,8
"Adams, Julia",USA,1
"Added, Dan",France,4
"Adkar, Vaishnavi",India,7
"Agabigun, Sarp",Turkey,1
"Agafonov, Egor",Russia,9
"Agamenone, Franco",Italy,4
"Agostini, Simone",Italy,10
"Aguilar Cardozo, Joaquin",Uruguay,15
"Aguilar, Federico Juan",Uruguay,1
"Agwi, Michael",Ireland,12
"Ahn, Yu Jin",South Korea,1
"Ahti, Vesa",Finland,6
"Aiava, Destanee",Australia,7
"Aikawa, Mayuka",Japan,7
"Ainitdinova, Gozal",Kazakhstan,2
"Aitkulov, Arslanbek",Kazakhstan,5
"Ajduković, Duje",Croatia,4
"Aksu, Ayla",Turkey,3
"Aksu, Cengiz",Turkey,2
"Albie, Audrey",France,16
"Albot, Radu",Moldova,15
"Alcala Gurri, Max",Spain,13
"Alcaraz, Carlos",Spain,11
Alex Hernández,Mexico,2
"Alexandrova, Ekaterina",Russia,9
"Alhussein Abdel Aziz, Lamis",Egypt,5
"Alibalić, Nina",Australia,10
"Alimli, Mikail",France,3
"Alkaya, Mert",Turkey,4
"Alkotop, Mousa",Jordan,9
"Allen, Kolie",USA,1
"Altamirano, Collin",USA,4
"Altmaier, Daniel",Germany,2
"Alujas, Rodrigo",Mexico,1
"Alvarado, Patricio",Ecuador,3
"Alvarez Varona, Nicolas",Spain,5
"Alves, Carolina",Brazil,15
"Alves, Mateus",Brazil,11
"Alvisi, Eleonora",Italy,2
"Amariei, Ilinca Dalina",Romania,5
Amaury Raynel,France,4
"Ambrogi, Luciano Emanuel",Argentina,6
"Ambrosio, Silvia",Italy,3
"Amoros Ramos, Pol",Spain,5
"Andaloro, Fabrizio",Italy,5
"Anderson, Robin",USA,9
"Andrade, Andres",Ecuador,17
"Andre, Seydina",Senegal,4
"Andreazzini, Agostina",Argentina,1
"Andreescu, Stefan Adrian",Romania,9
"Andreev, Adrian",Bulgaria,10
"Andreeva, Erika",Russia,13
"Andreevskaya, Vladislava",Kyrgyzstan,6
"Andreozzi, Guido",Argentina,1
"Aney, Jessie",USA,9
"Angele, Jaimee Floyd",France,5
"Anshba, Amina",Russia,1
"Appleton, Emily",United Kingdom,9
"Arai, Aely",Japan,6
"Arakawa, Haruna",Japan,3
"Arangia, Emiliana",Colombia,1
"Arango, Emiliana",Colombia,5
"Araujo, Pedro",Portugal,9
"Arcangioli, Manon",France,6
"Arconada, Usue Maitane",USA,2
"Arias Manjón, Paula",Spain,1
"Arias, Boris",Bolivia,1
"Arifullina, Arina",Russia,4
"Arnaboldi, Federico",Italy,9
"Arnaldi, Matteo",Italy,6
"Arnaud Bailly, Gilles",Belgium,1
"Artnak, Bor",Slovenia,2
"Arutiunian, Erik",Belarus,7
"Arévalo, Marcelo",El Salvador,1
"Asrawy, Amr",Egypt,14
"Atay, Selina",Turkey,6
"Atia, Mariam",Egypt,3
"Atlangeriev, Bekkhan",Russia,4
"Atmane, Terence",France,9
"Atturu, Shria",USA,4
"Aubriot, Alexandre",France,10
"Auer, Stefanie",Austria,1
"Auger-Aliassime, Felix",Canada,6
"Avanesyan, Elina",Russia,3
"Avdeeva, Julia",Russia,9
"Ayeni, Alafia",USA,5
"Ayukawa, Mana",Japan,5
"Azarenka, Victoria",Belarus,8
"Azoides, Demetris",Greece,4
"Babos, Tímea",Hungary,6
"Bacaloni, Andrea",Italy,4
"Back, Dayeon",South Korea,4
"Badosa, Paula",Spain,2
"Baez, Sebastian",Argentina,15
"Bagnis, Facundo",Argentina,12
"Bagnolini, Daniel",Italy,8
"Baharmus, Humera",India,3
"Bai, Yan",China,9
"Bai, Zhuoxuan",China,1
"Baidaulet, Dana",Kazakhstan,4
"Bains, Naiktha",United Kingdom,4
"Bakhmutkina, Polina",Russia,1
"Bakker, Annelin",Netherlands,6
"Bakshi, Aleksandre",Georgia,7
"Balaji N., Sriram",India,1
"Baldovinetti, Guelfo",Italy,5
"Balu, Sharmada",India,2
"Balus, Irina",Slovakia,6
"Bandecchi, Susan",Switzerland,4
"Banerjee, Samir",USA,3
"Banerjee, Yubarani",India,1
"Banks, Amarni",United Kingdom,11
"Banthia, Siddhant",India,1
"Baptiste, Hailey",USA,14
"Bar Biryukov, Petr",Russia,4
"Bara, Irina",Romania,1
"Barbulescu, Bianca Elena",Romania,4
"Barnat, Jiri",Czech Republic,2
"Baroni, Niccolo",Italy,12
"Barranco Cosano, Javier",Spain,10
"Barreiros Reyes, Mateo",Brazil,5
"Barrena, Alex",Argentina,2
"Barrera Aguirre, Isabella",USA,1
"Barrere, Gregoire",France,4
"Barreto Sanchez, Diego Augusto",Spain,4
"Barrios Vera, Tomás",Chile,4
"Barroso Campos, Alberto",Spain,7
"Barry, Monique",New Zealand,8
"Bartakovics, Marcell",Hungary,5
"Bartashevich, Yaroslava",France,9
"Bartha, Panna",Hungary,4
"Barthel, Mona",Germany,11
"Bartlett, Aryana",United Kingdom,5
"Barton, Hynek",Czech Republic,6
"Bartone, Kamilla",Latvia,4
"Bartůňková, Nikola",Czech Republic,14
"Basavareddy, Nishesh",USA,4
"Basic, Mirza",Bosnia & Herzegovina,5
"Basic, Nikola",Croatia,4
"Basilashvili, Nikoloz",Georgia,16
"Bass, Finn",United Kingdom,10
"Bassem Sobhy, Michael",Egypt,8
"Bassols Ribera, Marina",Spain,8
"Bataljin, Lawrence",Australia,1
"Bathrinath, Lohithaksha",India,1
"Batista, Daniel",Portugal,2
"Battesti, Alice",France,4
"Baum, Stepan",Czech Republic,3
"Bautista Agut, Roberto",Spain,6
"Bavisetti, Sowjanya",India,1
"Bax, Florent",France,5
"Bayerlová, Michaela",Czech Republic,12
"Beauge, Maxence",France,2
"Beaupain, Simon",Belgium,7
"Becerra Otarola, Ignacio Antonio",Chile,1
"Bechri, Chiraz",Tunisia,1
"Beckley, Alec",South Africa,6
"Bednarz, Zuzanna",Poland,1
"Begu, Irina-Camelia",Romania,4
"Bejenaru, Karola Patricia",Romania,10
"Bejlek, Sára",Czech Republic,2
"Bektas, Emina",USA,3
"Belgraver, Julie",France,14
"Bellifemine, Alessandro",Italy,6
"Bellucci, Mattia",Italy,5
"Benaissa, Amira",Algeria,1
"Benchetrit, Elliot",Morocco,7
"Benoit, Marie",Belgium,8
"Benzal Alia, Ignacio",Spain,6
"Berankis, Ričardas",Lithuania,7
"Berberovic, Nefisa",Bosnia & Herzegovina,5
"Berecoechea, Nahia",France,10
"Bergen, Mariia",Ukraine,2
"Berger, Antoine",France,5
"Bergler, Olivia",Poland,1
"Bergs, Zizou",Belgium,8
"Berkieta, Tomasz",Poland,5
"Berrettini, Jacopo",Italy,3
"Berrettini, Matteo",Italy,4
"Bertimon, Maxence",France,6
"Bertola, Remy",Switzerland,6
"Bertoldo, Jessica",Italy,3
"Bertran, Peter",Dominican Republic,6
"Bertrand, Robin",France,10
"Bestetti, Giuliana",Italy,10
"Bhamidipaty, Shrivalli Rashmikaa",India,8
"Bhatia, Riya",India,1
"Bhatnagar, Shivank",India,2
"Bhosale, Rutuja",India,2
"Bicknell, Blaise",Jamaica,4
"Bidan, Fadi",Lebanon,5
"Bielinskyi, Viacheslav",Ukraine,3
"Bigun, Kaylan",USA,1
"Biljesko, Domagoj",Croatia,1
"Biloborodko, Illia",Ukraine,8
"Binda, Alexandr",Italy,2
"Bittoun Kouzmine, Constantin",France,10
"Bjork, June",Sweden,2
"Blancaneaux, Geoffrey",France,5
"Blanch, Dali",USA,2
"Blanch, Darwin",USA,4
"Blanch, Ulises",USA,5
"Blanchet, Ugo",France,4
"Blinkova, Anna",Russia,5
"Blockx, Alexander",Belgium,8
"Bobrov, Bogdan",Russia,2
"Bodmer, Adrian",Switzerland,7
"Boehner, Laura",Germany,8
"Bogdan, Ana",Romania,4
"Bogo, Enrique",Brazil,5
"Bohrer Martins, Carolina",Brazil,1
"Boisson, Loïs",France,15
"Boitan, Gabi Adrian",Romania,13
"Bojovic, Jana",Serbia,3
"Bol, Jurriaan",Netherlands,2
"Bolkvadze, Mariam",Georgia,10
"Bolla, Andrea",Italy,11
"Bolt, Alex",Australia,19
"Bolton, Elysia",Australia,5
"Bonadio, Riccardo",Italy,1
"Bonardi, Berta",Argentina,5
"Bondar, Anna",Hungary,8
"Bondarenko, Maria",Russia,1
"Bondioli, Federico",Italy,6
"Bonnaud, Arthur",France,6
"Bonsach Ganley, Kane",Denmark,15
"Bonzi, Benjamin",France,3
"Borg, Leo",Sweden,2
"Borges, Nuno",Portugal,8
"Boros, Attila",Hungary,4
"Boscardin Dias, Pedro",Brazil,4
"Bosio, Gabriele",Italy,16
"Bosio, Victoria",Argentina,12
"Boskovic, Lea",Croatia,7
"Bossi, Camilla",Brazil,4
"Bougouffa , Hanna",France,2
"Bougrat, Maelys",France,5
"Boulais, Isabelle",Canada,2
"Boulter, Katie",United Kingdom,7
"Bouquet, Lucas",France,9
"Bouquier, Arthur",France,12
"Bourgue, Mathias",France,3
"Bouzas Maneiro, Jessica",Spain,16
"Bouzige, Moerani",Australia,2
"Bouzkova, Marie",Czech Republic,2
"Bouzo Zanotti, Noelia",Spain,8
"Bowers, Ashton",USA,1
"Boyer, Tristan",USA,10
"Bozemoj, Brian",Netherlands,4
"Brace, Cadence",Canada,1
"Brack, Caroline",Germany,4
"Bradshaw, Jacob",Australia,13
"Braithwaite, Thomas",Australia,5
"Brancaccio, Nuria",Italy,10
"Brancaccio, Raul",Italy,7
"Branstine, Carson",Canada,9
"Braynin, Aleksandr",Ukraine,1
"Breckova, Nikola",Czech Republic,5
"Bresciani, Lorenzo",Italy,3
"Brigida, Omar",Italy,5
"Britto, Luis",Brazil,1
"Broady, Liam",United Kingdom,2
"Brockmann, Tessa Johanna",Germany,2
"Bronzetti, Lucia",Italy,5
"Broom, Charles",United Kingdom,8
"Broska, Florian",Germany,12
"Brosset, Samuel",France,7
"Brouwer, Gijs",Netherlands,6
"Brown, Alexander",USA,4
"Brown, Preston",USA,4
"Brown, Thomas",USA,2
"Browning, Tauheed",USA,5
"Brugnone, Flavie",France,3
"Brumm, Jacob",USA,2
"Bruna, Nicolas",Chile,8
"Brunclik, Petr",Czech Republic,2
"Brunold, Mika",Switzerland,5
"Bubelyte, Klaudija",Lithuania,6
"Bublik, Alexander",Kazakhstan,11
"Bucea, Iulia",Canada,1
"Buchnik, Mika",Israel,2
"Buchwald, Helena",Germany,14
"Bucsa, Cristina",Spain,4
"Budkov Kjaer, Nicolai",Norway,8
"Bueno, Gonzalo",Peru,5
"Bueno, Helena",Brazil,5
"Bui, Jada",Canada,2
"Buitrago, Nicolás",Colombia,1
"Bulat, Bianca",Romania,4
"Bulatova, Arina",Russia,5
"Bulbarella, Marina",Argentina,1
"Buldorini, Peter",Italy,6
"Bulgaru, Miriam Bianca",Romania,4
"Bulus, Christopher",Nigeria,1
"Burdina, Evgeniya",Russia,3
"Burel, Clara",France,4
"Burillo Escorihuela, Irene",Spain,8
"Burruchaga, Roman Andres",Argentina,10
"Buse, Ignacio",Peru,9
"Butulija, Boris",Serbia,1
"Butvilas, Edas",Lithuania,12
"Bynoe, Evan",USA,7
"Büyükakçay, Çağla",Turkey,1
"Cabaj Awad, Jacqueline",Sweden,4
"Cabrera, Lizette",Australia,4
"Cabrera, Miguel Angel",Chile,4
"Cadar, Elena Teodora",Romania,12
"Cadenasso, Gianluca",Italy,8
"Caffarena, Julia",Argentina,2
"Cakarevic, Sara",France,3
"Caldes, Jaime",Spain,2
"Callejon Hernando, Sergio",Spain,9
"Calvano, Giovanni",Italy,1
"Camerano, Elisa Andrea",Italy,2
"Campana Lee, Gerard",South Korea,4
"Campana, Carolyn",USA,2
"Campana, Federico",Italy,5
"Camus, Charlie",France,2
"Candiotto, Ana",Brazil,5
"Caniato, Carlo Alberto",Italy,3
"Canter, Alexis",United Kingdom,4
"Cao, Yajing",China,4
"Carballes Baena, Roberto",Spain,3
"Carbonaro, Giulia",Italy,1
"Carboni, Lorenzo",Italy,4
"Carlé, María Lourdes",Argentina,10
"Carnevalle, Lucio",Argentina,5
"Carou, Ignacio",Uruguay,2
"Carraro, Luciano",Italy,3
"Caruso, Antonio",Italy,5
"Caruso, Salvatore",Italy,7
"Casanova, Andrin",Switzerland,6
"Casanova, Hernan",Argentina,8
"Cassone, Murphy",USA,1
"Castagnola, Luca",Italy,12
"Castelnuovo, Luca",Switzerland,4
"Castro Zunino, Michela",Peru,3
"Catani, Leonardo",Italy,1
"Catanzariti, A J",USA,1
"Catini, Niccolo",Italy,4
"Cavallo, Fernando",Argentina,2
"Cavelli, Carola",Italy,9
"Cazacu, Dragos Nicolae",Romania,3
"Cazaux, Arthur",France,4
"Cecchinato, Marco",Italy,1
"Ceinos, Eugenia Jazmin",Argentina,1
"Cekirge, Kuzey",Turkey,18
"Celikbilek, Altug",Turkey,7
"Cembranos, Paula",Switzerland,2
"Cengiz, Berfu",Turkey,5
Cerny Matyas,Czech Republic,2
"Cerundolo, Francisco",Argentina,6
"Cerundolo, Juan Manuel",Argentina,7
"Cervino Ruiz, Celia",Spain,3
"Cesar Porras, Julio",Argentina,8
"Ceschi, Gloria",Italy,4
"Chaiyarin, Credit",Thailand,1
"Chang, Hanna",USA,2
"Chang, Sophie",USA,5
"Chanta, Thanapet",Thailand,6
"Chappell, Nick",USA,4
"Charaeva, Alina",Russia,3
"Charlton, Joshua",Australia,5
"Chaudhari, Vaidehi",India,1
"Chayka, Aleksander",Russia,5
"Chazal, Maxime",France,3
"Che, Sin YU",Hong Kong,1
"Cheapchandej, Patcharin",Thailand,4
"Chekanskaya, Anna",Russia,2
"Chekhov, Anton",Russia,2
"Chen, Meng Yi",China,4
"Chepelev, Andrey",Russia,1
"Chepik, Alexander",Russia,1
"Cherubini, Diletta",Italy,5
"Chidekh, Clement",France,23
"Chiesa, Deborah",Italy,13
"Chiesa, Enola",Italy,3
"Chikami, Shohei",Japan,7
"Chikaraishi, Yui",Japan,7
"Chirico, Louisa",USA,2
"Chirita, Ioan Alexandru",Romania,7
"Chiu, Britney",USA,9
"Chlpac, Agustina",Argentina,4
"Cho, I-Hsuan",Chinese Taipei,3
"Choinski, Jan",United Kingdom,3
"Chong, Eudice Wong",Hong Kong,2
"Christie, Freya",United Kingdom,3
"Christodoulou, Stylianos",Cyprus,2
"Christofi, Eleni",Greece,3
"Chudejova, Mia",Slovakia,3
"Chung, Yunseong",South Korea,6
"Chwalinska, Maja",Poland,7
"Cid Subervi, Roberto",Dominican Republic,14
"Cigarran, Thiago",Argentina,12
"Cilekova, Laura",Slovakia,5
"Cina, Federico",Italy,2
"Ciocanu, Aurel",Canada,5
"Ciric Bagaric, Lucija",Croatia,15
"Cirstea, Sorana",Romania,9
"Ciurletti, Andres Gabriel",Italy,2
"Clark, Ezekiel",USA,6
"Clarke, Jay",United Kingdom,19
"Cocciaretto, Elisabetta",Italy,11
"Codino, Fiona",France,3
"Cohen, Aaron",Israel,4
"Collarini, Andrea",Argentina,3
"Collignon, Kylian",Belgium,3
"Collignon, Raphael",Belgium,10
"Colling, Solymar",USA,3
"Collins, Ali",United Kingdom,2
"Collins, Danielle",USA,18
"Colmegna, Martina",Italy,9
"Colne, Nicolas",France,3
"Colson, Tibo",Belgium,4
"Coman, Mihai Alexandru",Romania,6
"Comesaña, Francisco",Argentina,5
"Compagnucci, Tommaso",Italy,7
"Congcar, Congsup",Thailand,1
"Contreras, Fernanda",Mexico,3
"Cook, Ethan",Australia,3
"Corbinais, Sven",France,13
"Coria, Federico",Argentina,12
"Corley, Carmen",USA,4
"Corley, Ivana",USA,1
"Corley, Paris Corley",USA,4
"Cornet, Alize",France,3
"Cortegiani, Alessandro",Italy,6
"Cortez Llorca, Lucia",Spain,2
"Corthey, Lautaro Agustin",Argentina,4
"Corwin, Felix",USA,5
"Costoulas, Sofia",Belgium,7
"Couacaud, Enzo",France,6
"Coulibaly, Eliakim",Ivory Coast,4
"Court, Jayden",Australia,1
"Cox, Daniel",United Kingdom,4
"Crawford, Oliver",United Kingdom,1
"Cressy, Maxime",USA,5
"Cretu, Cezar",Romania,11
"Cristian, Jaqueline",Romania,4
"Cross, Kayla",Canada,5
"Crowther, Corban",New Zealand,17
"Cui, Angela",Australia,1
"Cui, Jie",China,11
"Cukierman, Daniel",Israel,10
"Cundom, Julian",Argentina,2
"Curmi, Francesca",Malta,3
"Curras Abasolo, Tomas",Spain,9
"Cury Bueres, Matheus",Brazil,7
"Cvijanovic, Jelena",Australia,2
"Cé, Gabriela",Brazil,4
"D'Agostino, Stefano",Italy,11
"Da Cruz Mendonça, Sofia",Brazil,6
"Da Silva Fick, Gabriella",Australia,10
"Daavettila, Sara",USA,7
"Daems, Josy",Germany,1
"Dal, Selina",Germany,9
"Daley, Danielle",United Kingdom,1
"Dalla Valle, Enrico",Italy,9
"Damas, Miguel",Spain,6
"Damm Jr, Martin",USA,8
"Dancu, Vlad Andrei",Romania,8
"Dang, Yiming",China,1
"Daniel, Jaeda",USA,8
"Daniel, Taro",Japan,2
"Danilović, Olga",Serbia,2
"Dapkutė, Iveta",Lithuania,16
"Darderi, Luciano",Italy,10
"Darras, Mayeul",France,1
"Dart, Harriet",United Kingdom,7
"Dartron, Émeline",France,5
"Daubnerova, Nikola",Slovakia,4
"Davidovich Fokina, Alejandro",Spain,5
"Davis, James",United Kingdom,2
"Day, Kayla",USA,2
"De Cuyper, Julien",France,2
"De Dios, Felipe",Argentina,7
"De Jong, Jesper",Netherlands,3
"De Jonge, Daniel",Netherlands,4
"De Koning, Rikke",Netherlands,4
"De La Fuente, Santiago",Argentina,1
"De Vincentis, Matteo",Italy,2
"Deari, Shendrit",North Macedonia,3
"Deatherage, Mary Boyce",USA,1
"Debru, Gabriel",France,3
"Decamps, Gabriel",Brazil,15
"Dedura-Palomero, Mariano",Germany,5
"Del Pino, Mateo",Argentina,8
"Delage, Pierre",France,3
"Delai, Melania",Italy,8
"Delaney, Jake",Australia,2
"Delaney, Jesse",Australia,6
"Delaunay, Carolann",New Caledonia,2
"Dell'Edera, Francesca",Italy,1
"Dellavedova, Matthew",Australia,5
"Dellien Velasco, Murkel Alejandro",Bolivia,20
"Dellien, Hugo",Bolivia,5
"Demanet, Emilien",Belgium,1
"Demidova, Diana",Russia,9
"Demin, Yaroslav",Russia,2
"Den Heijer, Guy",Netherlands,6
"Dencheva, Rositsa",Bulgaria,9
"Denisov, Ivan",Russia,3
"Denolly, Corentin",France,8
"Derdoy, Felipe",Argentina,1
"Desai, Zeel",India,3
"Deschamps, Thomas (Fra)",France,15
"Descotte, Matias Franco",Argentina,3
"Desperrier, Gaelle",France,1
"Dessolis, Barbara",Italy,5
"Dev, S D Prajwal",India,2
"Di Girolami, Tilwith",Belgium,4
"Di Sarra, Federica",Italy,7
"Diallo, Gabriel",Canada,3
"Diatlova, Kateryna",Ukraine,1
"Diaz Adrover, Cristina",Spain,7
"Dickerson, Ryan",USA,7
"Diez, Steven",Canada,4
"Dimitrov, Grigor",Bulgaria,13
"Dinev, Dinko",Bulgaria,9
"Dinu, Cristina",Romania,10
"Djere, Laslo",Serbia,3
"Djokovic, Novak",Serbia,1
"Djuric, Branko",Serbia,6
"Dlimi, Yassine",Morocco,1
"Dodig, Matej",Croatia,15
"Dodin, Océane",France,11
"Doldan, Heydi",Paraguay,1
"Doldan, Susan",Paraguay,2
"Dolehide, Caroline",USA,2
"Dols, Sara",Spain,7
"Domingues, Joao",Portugal,4
"Dominko, Sebastian",Slovenia,1
"Donald, Matthew",Czech Republic,5
"Donders, Dax",Netherlands,5
"Donev, Gabriel",Bulgaria,3
"Dong, Jiayang",Australia,2
"Dong, Zhenxiong",China,2
"Donski, Alexander",Bulgaria,8
"Donskoy, Evgeny",Russia,6
"Doria, Luciano",Argentina,1
"Dougaz, Aziz",Tunisia,2
"Drame, Petja",Slovenia,1
"Draper, Jack",United Kingdom,4
"Draxl, Liam",Canada,7
"Drinic, Milan",Serbia,5
"Droguet, Titouan",France,9
"Drozd, Maya",Germany,8
"Drugdová, Salma",Slovakia,5
"Dubrouski, Mikhail",Belarus,2
"Duckworth, James",Australia,5
"Duda, Filip",Czech Republic,5
"Dudun, Igor",Ukraine,2
"Duerst, Jenny",Switzerland,6
"Duhan, Chirag",India,16
"Dunne, Katy",United Kingdom,9
"Durasovic, Viktor",Norway,11
"Dussin, Louis",France,7
"Dutra da Silva, Daniel",Brazil,11
"Dzhavakian, Yurii",Ukraine,9
"Dzhenev, Adriano",Bulgaria,1
"Dzumhur, Damir",Bosnia & Herzegovina,5
"Díaz Acosta, Facundo",Argentina,9
"Eala, Alexandra",Philippines,10
"Echargui, Moez",Tunisia,6
"Echeverria, John",Spain,4
"Edmund, Kyle",United Kingdom,3
"Efstathiou, Menelaos",Cyprus,1
"Ejupovic, Elmar",Germany,6
"Ekshibarova, Vlada",Israel,1
"El Aouni, Aya",Morocco,5
"El Sallaly, Akram",Egypt,3
"Elias, Gastão",Portugal,12
"Elicha Navas, Gabriel",Spain,14
"Ellis, Blake",Australia,10
"Ellouck, Ron",Israel,8
"Engel, Justin",Germany,3
"Eqbal, Ishaque",India,1
"Eraydın, Başak",Turkey,11
"Ercan, Melisa",Australia,5
"Erel, Yanki",Turkey,3
"Erhard, Mathys",France,9
"Erjavec, Veronika",Slovenia,5
"Errani, Sara",Italy,6
"Escobedo, Ernesto",Mexico,3
"Escoffier, Antoine",France,5
"Escurra Isnardi, Hernando Jose",Paraguay,3
"Estable, Julieta",Argentina,15
"Estevez, Juan",Argentina,1
"Estévez, Josefina",Argentina,2
"Etcheverry, Tomas Martin",Argentina,3
"Eto, Naoko",Japan,3
"Eubanks, Christopher",USA,3
"Evans, Daniel",United Kingdom,2
"Evans, Gabriel",USA,3
"Evtimova, Dia",Bulgaria,1
"Ewald, Weronika",Poland,4
"Ezzat, Yasmin",Egypt,4
"Failla, Jessica",USA,9
"Fajta, Peter",Hungary,1
"Fakih, Kate",USA,1
"Falabella, Lautaro Agustin",Argentina,15
"Falcao, Goncalo",Portugal,4
"Falei, Aliona",Belarus,8
"Falkner, Živa",Slovenia,2
"Falkowska, Weronika",Poland,1
"Faltinger, Ines",Austria,5
"Fancutt, Thomas",Australia,4
"Fanselow, Sebastian",Germany,8
"Fantini, Luca",Italy,5
"Faria, Jaime",Portugal,22
"Farjat, Tomas",Argentina,7
"Fassbender, Boris",France,3
"Fatic, Nerman",Bosnia & Herzegovina,3
"Faucon , Romain",Belgium,4
"Fedorova, Aglaya",Russia,2
"Feistel, Gina",Poland,4
"Feldbausch, Kilian",Switzerland,1
"Feng, Shuo",China,4
"Fenty, Andrew",USA,6
"Ferguson, Chase",Australia,3
"Fernandes, Rodrigo",Portugal,8
"Fernandez Canovas, Andres",Spain,14
"Fernandez Flores, Diego",Chile,13
"Fernandez, Bruno",Brazil,8
"Fernandez, Leylah",Canada,5
"Ferrara, Virginia",Italy,5
"Ferrari, Francesco",Italy,20
"Ferrari, Gianmarco",Italy,3
"Ferreira Silva, Frederico",Portugal,3
"Ferro, Fiona",France,1
"Fery, Arthur",United Kingdom,2
"Fetecău, Irina",Romania,6
"Fett, Jana",Croatia,6
"Ficovich, Juan Pablo",Argentina,9
"Figl, Maximilian",Italy,2
"Fils, Arthur",France,3
"Fita Boluda, Ángela",Spain,11
"Fix, David",Germany,2
Flavio Cobolli,Italy,11
"Flores, Jesse",Costa Rica,3
"Flores, Victoria",USA,6
"Fognini, Fabio",Italy,6
"Foley, Patrick",United Kingdom,1
"Folliot, Quentin",France,4
"Fomba, Luc",France,12
"Fomin, Sergey",Uzbekistan,6
"Fonio, Giovanni",Italy,3
"Fonseca, Joao",Brazil,6
"Forejtek, Jonas",Czech Republic,12
"Fossa Huergo, Nicole",Italy,7
"Fourlis, Jaimee",Australia,1
"Franco, Tobias",Argentina,5
"Frayman, Daria",Cyprus,5
"Frech, Magdalena",Poland,6
"Freire Da Silva, Adan",France,13
"Frey, Anna",USA,5
"Friedsam, Anna-Lena",Germany,2
"Fritz, Taylor",USA,7
"Fruhvirtova, Brenda",Czech Republic,1
"Fruhvirtova, Linda",Czech Republic,6
"Frusina, Alexander",USA,1
"Fucsovics, Marton",Hungary,6
"Fuele, Matyas",Hungary,2
"Fukuda, Sora",Japan,1
"Fullana, Luiza",Brazil,2
"Fung, Stacey",Canada,4
"Furlanetto, Marco",Italy,8
"Furness, Evan",France,9
"GIL Garcia, Aaron",Luxembourg,2
"Gaal, Corey",Australia,3
"Gabric, Anna",Germany,5
"Gadamauri, Buvaysar",Belgium,6
"Gadecki, Olivia",Australia,4
"Gagliardo, Lorenzo",Argentina,2
"Gaio, Federico",Italy,2
"Gakhov, Ivan",Russia,3
"Galan, Daniel Elahi",Colombia,4
"Galarneau, Alexis",Canada,2
"Ganz, Fiona",Switzerland,10
"Gao, Xinyu",China,9
"Garcia Cid, Maria",Spain,5
"Garcia Mestre, Jordi",Spain,2
"Garcia, Caroline",France,4
"Garcia, Miguel",Spain,6
"Garcian, Axel",France,9
"Garin, Cristian",Chile,5
"Garkusha, Eva",Russia,5
"Gasanova, Anastasia",Russia,2
"Gasquet, Richard",France,9
"Gaston, Hugo",France,4
"Gaubas, Vilius",Lithuania,15
"Gauff, Cori",USA,8
"Gautier, Alexis",France,10
"Gavrielides, Liam",Germany,7
"Gavrilă, Oana",Romania,10
"Gea, Arthur",France,11
Geerlings Martinez Ariana,Spain,6
"Geerts, Michael",Belgium,8
"Gengel, Marek",Czech Republic,21
"Genier, Tanguy",Switzerland,6
"Gennaro, Camilla",Italy,8
"Genov, Anthony",Bulgaria,13
"Gentzsch, Tom",Germany,5
"Gerald Gonzalez, Jimar Geraldine",Chile,9
"Gerasimov, Egor",Belarus,6
"Gerch, Lucas",Germany,13
"Gettwart, Fabienne",Germany,3
"Ghazouani Durand, Yanis",France,13
"Ghibaudo, Antoine",France,9
"Ghioroaie, Ylona-Georgiana",Romania,3
"Giacomini, Luca",Italy,5
"Giannessi, Alessandro",Italy,3
"Giavara, Haley",USA,2
"Gibson, Talia",Australia,10
"Giessler, Elena Giovanna",Germany,3
"Gigante, Matteo",Italy,13
"Gill, Felix",United Kingdom,8
"Gillan, Alice",United Kingdom,2
"Gima, Sebastian",Romania,12
"Gimbrère, Jasmijn",Netherlands,2
"Gimenez, Igor",Brazil,7
"Gimeno Valero, Carlos",Spain,9
"Giordano, Maddalena",Italy,4
"Giorgi, Camila",Italy,2
"Giotis, Rafael",Germany,3
"Giovannini, Luisina",Argentina,2
"Giraldi Requena, Ana",Spain,8
"Girard, Emmanuelle",France,1
"Girelli, Chiara",Italy,3
"Giron, Marcos",USA,8
"Giunta, Massimo",Italy,7
"Giustino, Lorenzo",Italy,11
"Gjorcheska, Lina",North Macedonia,8
"Glinka, Daniil",Estonia,12
"Gloeckler, Michael",Austria,3
"Glushko, Lina",Israel,8
"Glushkova, Denislava",Bulgaria,14
"Gobat, Adrien",France,7
"Goffin, David",Belgium,11
"Gola, Andrea",Italy,5
"Golas, Olga",Poland,2
"Goldhoff, George",USA,1
"Gomez Pezuela Cano, Marian",Mexico,2
"Gomez, Emilio",Ecuador,3
"Gomez, Federico Agustin",Argentina,10
"Gomez, Juan Sebastian",Colombia,1
Goncalves Ceolin J.,Brazil,3
"Gonzalez Fernandez, Mario",Spain,16
"González Daniele, Justina",Argentina,2
"Goodger, Joshua",United Kingdom,1
"Gorgodze, Ekaterine",Georgia,2
"Gorokhov, Mikhail",Russia,12
"Gracheva, Varvara",France,2
"Gram, Olivia",Denmark,6
"Grammatikopoulou, Valentini",Greece,2
"Grant, Tyra Caterina",USA,6
"Grant, William",USA,5
"Granwehr, Alina",Switzerland,4
"Gray, Alastair",United Kingdom,2
"Grechkina, Anastasia",Russia,4
"Grenier, Hugo",France,8
"Grey, Sarah Beth",United Kingdom,6
"Griekspoor, Tallon",Netherlands,8
"Grubor, Ana",Canada,4
"Grynkowski, Piotr",Poland,2
"Guerrieri, Andrea",Italy,11
"Gueymard Wayenburg, Sascha",France,12
"Guillen Meza, Alvaro",Ecuador,10
"Guinard, Manuel",France,9
"Gulin, Georgia",Brazil,1
"Gulin, Svyatoslav",Russia,7
"Guo, Meiqi",China,4
"Gureva, Anastasiia",Russia,5
"Guth, Mara",Germany,9
"Gutierrez, Oscar Jose",Brazil,10
"Gynina, Valery",Russia,1
"Gálfi, Dalma",Hungary,2
"Haavisto, Ella",Finland,2
"Habib, Hady",Lebanon,12
"Haddad Maia, Beatriz",Brazil,5
"Hageman, Madelief",Netherlands,6
"Haliak, Mikalai",Belarus,3
"Halys, Quentin",France,7
"Hamaliy, Elizabet",Portugal,1
"Hampe, Stefan Peter",Germany,3
"Hamza Reguig, Samir",Algeria,3
"Han, Seon Yong",South Korea,3
"Hanatani, Nagi",Japan,6
"Handel, Tim",Germany,6
"Hanfmann, Yannick",Germany,6
"Hans, Kabir",India,3
"Hansen, Sarafina Olivia",Denmark,2
"Hanzlik, Cash",USA,2
"Hardt, Nick",Dominican Republic,18
"Harper, Mitchell",Australia,6
"Harris, Billy",United Kingdom,6
"Harrison, Catherine",USA,12
"Hartono, Arianne",Netherlands,3
"Hasegawa, Mei",Japan,1
"Hassan, Benjamin",Germany,7
"Havlickova, Lucie",Czech Republic,4
"Hayashi, Erina",Japan,3
"Heck, Hunter",USA,3
"Heide, Gustavo",Brazil,8
"Heinonen, Adam",Sweden,16
"Helgo, Malene",Norway,21
"Heller, Peter",Germany,5
"Hellum Lilleengen, Lukas",Norway,2
"Hemery, Calvin",France,4
"Hennemann, Caijsa Wilda",Sweden,17
"Henning, Philip",South Africa,13
"Herazo Gonzalez, Maria Fernanda",Colombia,3
"Herbert, Pierre Hugues",France,11
"Hercog, Polona",Slovenia,9
"Herdzelas, Dea",Bosnia & Herzegovina,1
"Herea, Carmen Andreea",Romania,5
"Herrero Linana, Alicia",Spain,10
"Herrmann, Sina",Germany,2
"Hertel, Anna",Poland,3
"Hess, Sean",Argentina,10
"Hesse, Amandine",France,7
"Hewitt, Dalayna",USA,6
"Hibino, Nao",Japan,9
"Hidalgo, Gabriel Alejandro",Argentina,1
"Hietaranta, Laura",Finland,5
"Hijikata, Rinky",Australia,5
"Hilderbrand, Trey",USA,10
"Hindova, Denisa",Czech Republic,9
"Hinojosa Gomez, Jessica",Mexico,2
"Hitt, Zoe",USA,2
"Hives, Zoe",Australia,3
"Ho, Ray",Chinese Taipei,7
"Hoang, Antoine",France,16
"Hobgarski, Katharina",Germany,3
"Hodzic, Mina",Germany,5
"Hoedt, Merel",Netherlands,6
"Holmgren, August",Denmark,9
"Holt, Brandon",USA,10
"Hon, Priscilla",Australia,12
"Hong, Seong Chan",South Korea,6
"Hontama, Mai",Japan,7
"Hopp, Michel",Germany,7
"Horak, Vitek",Czech Republic,4
"Horiuchi, Ryusuke",Japan,3
"Hornitschek, Nico",Germany,4
"Hosogi, Sakura",Japan,7
"Hosoki, Yuka",Japan,5
"Hou, Yanan",China,3
"Houghton, George",United Kingdom,5
"Houkes, Max",Netherlands,8
"Hovde, Liv",USA,8
"Hoyos Franco, Alejandro",Colombia,2
"Hrazdil, Jan",Czech Republic,3
"Hrda, Luisa",Germany,1
"Hrdinkova, Denise",Czech Republic,1
"Hrunčákova, Viktória",Slovakia,14
"Hsieh, Su-Wei",Chinese Taipei,1
"Hsu, Jeffrey Chuan En",Chinese Taipei,2
"Hsu, Yu Hsiou",Chinese Taipei,2
"Hu, Victoria",USA,9
"Huang, Tsung-Hao",Chinese Taipei,6
"Hudd, Emile",United Kingdom,6
"Huertas del Pino, Conner",Peru,1
"Huesler, Marc-Andrea",Switzerland,2
"Hule, Petra",Australia,9
"Humbert, Ugo",France,12
"Humpfner, Kevin",Germany,5
"Hunter, Storm",Australia,10
"Hurkacz, Hubert",Poland,8
"Hurrion, Millen",United Kingdom,2
"Hussey, Giles",United Kingdom,15
"Hutchinson, Holly",United Kingdom,8
"Iakubenko, Volodymyr",Ukraine,1
"Iamachkine, Anastasia",Peru,6
"Iamachkine, Pedro",Peru,4
"Ianin, Nikita",Russia,3
"Iannaccone, Federico",Italy,11
"Iatcenko, Polina",Russia,6
"Ibbou, Ines",Algeria,2
"Ibragimov, Daniel",Russia,2
"Ibragimova, Alevtina",Russia,7
"Ibrahim, Karim",Egypt,5
"Ichikawa, Taisei",Japan,4
"Ignatjeva, Margarita",Latvia,1
"Ilagan, Andre",USA,6
"Ilhan, Marsel",Turkey,5
"Ilkel, Berk",Turkey,9
"Ilkel, Cem",Turkey,5
"Imai, Shintaro",Japan,5
"Imamura, Masamichi",Japan,11
"Imamura, Saki",Japan,16
"Imbo Nloga, Samantha",USA,1
"In-Albon, Ylena",Switzerland,4
"Ingale, Pooja",India,3
"Ingarao, Alessandro",Italy,6
"Ingildsen, Johannes",Denmark,3
"Inglis, Maddison",Australia,8
"Inoue, Hina",USA,10
"Inui, Yuichiro",Japan,1
"Ionel, Nicholas David",Romania,9
"Ionescu, Elizabeth",USA,1
"Ionescu, Iulia Andreea",Romania,4
"Iordache, Alexandra",Romania,4
"Iradukunda, Guy Orly",Burundi,1
"Ishii, Sayaka",Japan,5
"Isomura, Kokoro",Japan,5
"Ito, Aoi",Japan,10
"Ivanov, Saveliy",Russia,12
"Ivanova, Dasha",USA,4
"Izquierdo Luque, Rafael",Spain,8
"Jabeur, Ons",Tunisia,1
"Jacquemot, Elsa",France,7
"Jadoun, Nicolas",France,12
"Jaisinghani, Raghav",India,3
"Jakupovic, Dalila",Slovenia,17
"Jamrichova, Renata",Slovakia,6
"Jang, Gio",South Korea,1
"Jang, Yunseok",South Korea,2
"Janicijevic, Selena",France,6
"Jansson, Oskar",Sweden,2
"Janvier, Maxime",France,6
"Jarry, Nicolas",Chile,8
"Jasika, Omar",Australia,12
"Jaskova, Anika",Slovakia,2
"Javia, Dev",India,3
"Jeanjean, Léolia",France,3
"Jeong, Boyoung",South Korea,15
"Jeong, Yeongseok",South Korea,2
"Jianu, Filip Cristian",Romania,23
"Jiménez Kasintseva, Victoria",Andorra,4
"Johnson, Steve",USA,2
"Joint, Maya",Australia,13
"Jokic, Katarina",Serbia,8
"Jones, Adam",United Kingdom,2
"Jones, Ben",United Kingdom,8
"Jones, Emerson",Australia,5
"Jones, Francesca",United Kingdom,11
"Jones, Hayden",Australia,2
"Jones, Maximus",Thailand,7
"Jones, Miles",USA,13
"Jones, Scott",Australia,1
"Jong, Alexander Maarten",Netherlands,12
"Jorda Sanchis, David",Spain,8
"Jorge, Francisca",Portugal,7
"Jorge, Matilde",Portugal,2
"Jovanovic, Mirjana",Serbia,2
"Jovic, Iva",USA,5
"Juan Mano, Alejandro",Spain,4
"Jubb, Paul",United Kingdom,7
"Jurič, Noka",Slovenia,3
"Justo, Guido Ivan",Argentina,7
"Kachmazov, Alibek",Russia,6
"Kaji, Haruka",Japan,6
"Kalieva, Elvina",USA,6
"Kalina, Vit",Czech Republic,2
"Kalinina, Anhelina",Ukraine,7
"Kalinskaya, Anna",Russia,10
"Kaliyanda Poonacha, Niki",India,5
"Kalyakina, Maria",Russia,1
"Kalyanpur, Adil",India,2
"Kamath, Madhwin",India,6
"Kan, Victoria",Russia,3
"Kanev, Kathleen",Germany,5
"Kang, Kyle",USA,2
"Karamoko, Naima",Switzerland,5
"Karatancheva, Lia",Bulgaria,6
"Kardava, Zoziya",Georgia,3
"Kargina, Valerija Maija",Latvia,4
"Karlovskiy, Evgeny",Russia,6
"Karlsson Wistrand, Jack",Sweden,4
"Karner, Elena",Austria,1
"Karol, Milos",Slovakia,9
"Karunaratne, Adithya",Hong Kong,8
"Kasatkina, Daria",Russia,7
"Kashyap, Himadri",India,1
"Kashyap, Tanisha",India,3
"Kasnikowski, Maks",Poland,5
"Katsumi, Nanari",Japan,5
"Kawa, Katarzyna",Poland,4
"Kawachi, Kazuma",Japan,1
"Kawagishi, Nana",Japan,3
"Kawaguchi, Natsumi",Japan,2
"Kawamura, Mana",Japan,2
"Kazionova, Ekaterina",Russia,8
"Kecmanović, Miomir",Serbia,2
"Keller, Nadine",Switzerland,2
"Kellovský, Dominik",Czech Republic,10
"Kelm, Yannik",Germany,3
"Kempen, Magali",Belgium,12
"Kendall-Woseley, Meisha",USA,2
"Kenzhibayeva, Sandugash",Kazakhstan,3
"Kerber, Angelique",Germany,3
"Kessler, McCartney",USA,14
"Kestelboim, Mariano",Argentina,10
"Keys, Madison",USA,3
"Khachanov, Karen",Russia,9
"Khamis, Yusuf",Egypt,5
"Khan, Laquisa",Australia,4
"Khazime, Daniel",Russia,2
"Khoeblal, Elgin",Netherlands,7
"Khomutsianskaya, Daria",Belarus,9
"Khromacheva, Irina",Russia,1
"Kichenok, Nadiia",Ukraine,1
"Kielan, Szymon",Poland,4
"Kikawada, Riko",Japan,3
"Kikuchi, Yuta",Japan,6
"Kim, Aidan",USA,1
"Kim, Dabin",South Korea,2
"Kim, Yujin",South Korea,6
"Kimhi, Orel",Israel,7
"King, Darian",Barbados,1
"Kinoshita, Hayu",Japan,3
"Kirchheimer, Strong",USA,2
"Kirci, Koray",Turkey,5
"Kirkin, Ergi",Turkey,9
"Kivattsev, Kirill",Russia,6
"Klaffner, Melanie",Austria,3
"Klasen, Anna",Germany,2
"Klein, Lukas",Slovakia,8
"Klimovicova, Linda",Czech Republic,13
"Klintcharov, Alexander",New Zealand,7
"Kližan, Martin",Slovakia,11
"Klok, Denys",Russia,4
"Klugman, Hannah",United Kingdom,2
"Knaff, Alex",Luxembourg,8
"Knutson, Gabriela Andrea",Czech Republic,6
"Koaykul, Krittin",Thailand,2
"Kobelt, Nicolas",Switzerland,1
"Kobori, Momoko",Japan,2
"Kodat, Toby Alex",USA,7
"Koepfer, Dominik",Germany,8
"Koevermans, Anouk",Netherlands,6
"Kokkinakis, Thanasi",Australia,7
"Kokkinis, Tahlia",Australia,3
"Kolar, Zdenek",Czech Republic,6
"Koller, Arabella",Austria,4
"Kolodynska, Jana",Belarus,1
"Komano, Margaux",France,2
"Konishi Camargo Silva, Julia",Brazil,4
"Konjuh, Ana",Croatia,1
"Kononova, Maria",Russia,8
"Kopp, Sandro",Austria,15
"Kopriva, Vit",Czech Republic,7
"Korda, Sebastian",USA,6
"Korneeva, Alina",Russia,2
"Korokozidi, Elena",Greece,1
"Korovin, Mikhail",Russia,1
"Korpatsch, Tamara",Germany,1
"Koshiishi, Ayumi",Japan,4
"Kostic, Tamara",Austria,2
"Kostyuk, Marta",Ukraine,9
"Kotov, Pavel",Russia,1
"Kountourakis, Ioannis",Greece,8
"Koussenkova, Valeria",Spain,1
"Kovacevic, Aleksandar",USA,9
"Kovacicova, Stella",Slovakia,2
"Kovaleva, Anastasia",Russia,4
"Kovalik, Jozef",Slovakia,9
"Kovapitukted, Punnin",Thailand,5
"Kozaki, Funa",Japan,1
"Kozakova, Karolina",Switzerland,8
"Kozarov, Katarina",Serbia,2
"Kozlov, Stefan",USA,10
"Kozyreva, Maria",Russia,5
"Krajci, Michal",Slovakia,12
"Krajicek, Michaella",Netherlands,3
"Krajinović, Filip",Serbia,2
"Krapivin, Maxim",Russia,1
"Kraus, Sinja",Austria,5
"Kravchenko, Georgii",Ukraine,5
"Krejcikova, Barbora",Czech Republic,1
"Kriznik, Matic",Slovenia,2
"Krueger, Ashlyn",USA,6
"Krueger, Mitchell",USA,5
"Kruger, Isabella",South Africa,3
"Krumich, Martin",Czech Republic,4
"Krunić, Aleksandra",Serbia,2
"Krutykh, Oleksii",Ukraine,6
"Krywoj, Melany Solange",Argentina,7
"Krznarić, Noa",Croatia,3
"Ku, Yeon Woo",South Korea,11
"Kubka, Martyna",Poland,4
"Kucmova, Aneta",Czech Republic,4
"Kuczer, Daria",Poland,12
"Kudashova, Daria",Russia,5
"Kudermetova, Polina",Russia,11
"Kudermetova, Veronika",Russia,2
"Kudla, Denis",USA,11
"Kudriashov, Igor",Russia,5
"Kuhl, Carolina",Germany,9
"Kuhn, Nicola",Germany,7
"Kukasian, Artur",Russia,12
"Kukushkin, Mikhail",Kazakhstan,17
"Kulambayeva, Zhibek",Kazakhstan,9
"Kumar, Omni",USA,6
"Kumaran, Bharath Nishok",India,3
"Kumasaka, Takuya",Japan,4
"Kummel, Alisa",Russia,4
"Kumru, Ada",Turkey,3
"Kung, Leonie",Switzerland,12
"Kunsuwan, Natthasith",Thailand,5
"Kupcic, Jan",Slovenia,6
"Kuramochi, Miho",Japan,7
"Kurtsikashvili, Anamaria",Georgia,2
"Kuwata, Hiroko",Japan,9
"Kuzmanov, Dimitar",Bulgaria,5
"Kuznetsova, Ekaterina",Russia,3
"Kuzuhara, Bruno",USA,7
"Kužmová, Katarína",Slovakia,20
"Kwiatkowski, Thai-Son",USA,11
"Kwon, Soonwoo",South Korea,1
"Kym, Jerome",Switzerland,2
"Kypson, Patrick",USA,9
"Kyratzis, Sergis",Cyprus,5
"LEW Yan Foon, Astrid",France,8
"La Serna, Juan Manuel",Argentina,12
"La Vela, Giuseppe",Italy,10
"Laboutková, Aneta",Czech Republic,5
"Labraña, Fernanda",Chile,8
"Lacy, Isabelle",United Kingdom,3
"Lahey, Ashley",USA,1
"Lajal, Mark",Estonia,2
"Lajovic, Dusan",Serbia,6
"Laki, Michaela",Greece,5
"Lam, Shannon",USA,1
"Lamasine, Tristan",France,9
"Lamens, Suzan",Netherlands,14
"Lanca, Sara",Portugal,3
"Landaluce, Martin",Spain,9
"Lane, Lewie",Germany,3
"Langmo, Christian",USA,7
"Lanz, Mischa",Switzerland,6
"Lapalu, Valentin",France,4
"Laskevich, Evialina",Belarus,11
"Laskutova, Ksenia",Russia,15
"Lavagno, Edoardo",Italy,1
"Lavino, Irene",Italy,1
"Lazarenko, Kateryna",Ukraine,2
"Lazăr, Ștefana",Romania,3
"Lechno-Wasiutynski, Fryderyk",Poland,1
"Leclercq, Maelle",France,7
"Lee, Duckhee",South Korea,6
"Lee, Eunhye",South Korea,10
"Lee, Gabriela",Romania,3
"Lee, Gyeong Seo",South Korea,6
"Lee, Jea Moon",South Korea,4
"Lee, Kuan-Yi",Chinese Taipei,2
"Lee, Ya-Hsuan",Chinese Taipei,6
"Legout, Timo",France,4
"Lehečka, Jiří",Czech Republic,7
"Lehmann, Nikos",Argentina,9
"Leite, Wilson",Brazil,4
"Lemaître, Tiphanie",France,1
"Lemstra, Kai",Germany,2
"Leon, Sabastiani",USA,1
"Leong, Mitsuki Wei Kang",Malaysia,6
"Lepchenko, Varvara",USA,7
"Lestienne, Constant",France,7
"Leykina, Polina",Russia,4
"Li, Ann",USA,3
"Li, Yu-Yun",Chinese Taipei,2
"Liang, En-Shuo",Chinese Taipei,7
"Liaonenka, Aliaksandr",Belarus,4
"Liauw A Fong, Noa",Netherlands,2
"Lim, Alberto",Philippines,1
"Lim, Alizé",France,1
"Lin, Fang An",Chinese Taipei,3
"Lindh Gallagher, Emilie",Norway,2
"Linette, Magda",Poland,2
"Lingua Lavallen, Alejo Lorenzo",Argentina,5
"Lipiec, Xenia",Poland,10
"Little, Daniel",United Kingdom,1
"Liu, Claire",USA,8
"Liu, Fangzhou",China,3
"Liu, Hanyi",China,6
"Liu, Min",China,3
"Liu, Yanni",China,3
"Liucci, Francesco",Italy,4
"Llamas Ruiz, Pablo",Spain,6
"Llinares Domingo , Lucia",Spain,7
"Lobanov, Aleksandr",Russia,5
"Lock, Benjamin",Zimbabwe,2
"Lodikova, Daria",Russia,3
"Loeb, Jamie",USA,9
"Loffhagen, George",United Kingdom,2
"Loge, Jack",Belgium,10
"Lokoli, Laurent",France,6
"Lollia, Mathilde",France,3
"Lomakin, Grigoriy",Kazakhstan,2
"Loof, Thijmen",Netherlands,2
"Lopez Montagud, Carlos",Spain,5
"Lopez Morillo, Imanol",Spain,2
"Lopez, Noah",Switzerland,13
"Lorusso, Lorenzo",Italy,10
"Losciale, Valentina",Italy,4
"Lovrič, Pia",Slovenia,3
"Lu, Jia-Jing",China,4
"Lucero, Joel Angel",Argentina,7
"Lucia, Ireni",Italy,1
"Ludoski, Zoran",Serbia,3
"Luikham, Jennifer",India,2
"Lukas, Tena",Croatia,10
"Lumsden, Ewen",United Kingdom,7
"Luz, Orlando",Brazil,7
"Ly, Hoang Nam",Vietnam,13
"Lyeons, Jaycer",USA,7
"Lys, Eva",Germany,3
"Lázaro García, Andrea",Spain,7
"Léné, Emma",France,2
"Léonard, Manon",France,14
"López Martínez, Carmen",Spain,9
"Lý, Savanna",Vietnam,2
"M Rifqi, Fitriadi",Indonesia,7
"MO, YE Cong",China,1
"Ma, Lea",USA,7
"Ma, Yexin",China,7
"Machač, Tomáš",Czech Republic,9
"Madarasz, Gergely",Hungary,6
"Maestrelli, Francesco",Italy,7
"Mager, Gianluca",Italy,7
"Maginley, Herbert Jody",Antigua and Barbuda,3
"Mair, Laura",Italy,1
"Majchrzak, Kamil",Poland,16
"Majdandzic, Marc",Germany,3
"Makarova, Ekaterina",Russia,7
"Makhlouf, Mohamed Nazim",Algeria,16
"Maklakova, Ekaterina",Russia,9
"Malaescu, Daria Stefania",Romania,1
"Maleckova, Jesika",Czech Republic,4
"Malgaroli, Leonardo",Italy,2
"Malgiaritta, Maurus",Switzerland,2
"Malige, Mae",France,8
"Malik, Tara",USA,2
"Maloney, Eliz",United Kingdom,1
"Maloney, Patrick",USA,3
"Malygina, Elena",Estonia,9
"Mamedova, Edda",Russia,1
"Manasse, Maegan",USA,11
"Manda, Calin",Romania,1
"Mandelikova, Katerina",Czech Republic,1
"Mane, Snehal",India,1
"Mannarino, Adrian",France,4
"Mansilla Diez, Mario",Spain,1
"Mansouri, Skander",Tunisia,1
"Mansouri, Yasmine",France,3
"Manzanera Pertusa, Alejandro",Spain,7
"Marandel, Lola",France,3
"Marchenko, Illya",Ukraine,2
"Marchesini, María Victoria",Argentina,4
"Marchetti, Federico",Italy,8
"Marcinkevica, Diana",Latvia,3
"Marcon, Margherita",Italy,5
"Mardjonovic, Aleksa",Serbia,2
"Maria, Tatjana",Germany,4
"Mariani, Matilde",Italy,3
"Marie, Jules",France,11
"Marinescu, Mihai Razvan",Romania,6
"Marinkov, Pavle",Australia,4
"Marinkovic, Bojana",Serbia,1
"Marino, Pietro",Italy,6
"Marino, Rebecca",Canada,11
"Maristany Zuleta De Reales, Guiomar",Spain,5
"Markham, Ava",USA,1
"Markovic, Sasa",Serbia,3
"Markus, Carla",Argentina,1
"Marmousez, Lilian",France,14
"Marozsan, Fabian",Hungary,8
"Marques, Diogo",Portugal,8
"Marrero Curbelo, Ivan",Spain,7
"Marterer, Maximilian",Germany,4
"Marthiens, Karen",France,2
"Marti Pujolras, Alex",Spain,11
"Marti, Sandy",Switzerland,2
"Marti, Yann",Switzerland,2
"Martic, Petra",Croatia,2
"Martin Tiffon, Pol",Spain,13
"Martin, Dan",Canada,1
"Martin, Toby",United Kingdom,6
"Martincova, Tereza",Czech Republic,6
"Martineau, Matteo",France,11
"Martinez Martinez, Jorge",Spain,2
"Martinez Solis, Claudia Sofia",Mexico,2
"Martinez, Louroi",Switzerland,15
"Martinez, Pedro",Spain,9
"Martynov, Diana",France,10
"Martínez Círez, Carlota",Spain,5
"Maruri, Suhitha",India,2
"Marusinova, Martina",Slovakia,8
"Marysko, Vincent",Germany,3
"Masabayashi, Tomohiro",Japan,2
"Masarova, Rebeka",Spain,6
"Masic, Mila",Serbia,11
"Masjuan Ginel, Pablo",Spain,4
"Maslenkova, Milana",Uzbekistan,5
"Massara, Antonio",Italy,4
"Massard, Loann",France,11
"Masur, Daniel",Germany,18
"Mateas, Maria",USA,3
"Matsuda, Koki",Japan,8
"Matsuda, Misaki",Japan,4
"Matsuda, Rinko",Japan,3
"Matsuda, Ryuki",Japan,5
"Matsumura, Ryotero",Japan,8
"Matsuoka, Hayato",Japan,13
"Matusevich, Anton",United Kingdom,3
"Maute, Jannik",Germany,1
"Mayo, Aidan",USA,2
"Mayot, Harold",France,5
"Mazzola, Alessandra",Italy,3
"Mbithi, Mwendwa",USA,5
"Mboko, Victoria",Canada,1
"McCabe, James",Australia,9
"McKenzie, Kylie",USA,4
"McNally, Catherine",USA,1
"McPhee, Kaylah",Australia,5
"Mcadoo, Rasheeda",USA,5
"Mccormick, Tristan",USA,6
"Mcdonald, Ella",United Kingdom,2
"Mcgiffin, Tenika",Australia,2
"Mchugh, Aidan",United Kingdom,4
"Medvedev, Daniil",Russia,12
"Mehrotra, Arjun",Australia,4
"Mejia, Nicolas",Colombia,14
"Melero Kretzer, Alejandro",Spain,4
"Meligeni Alves, Felipe",Brazil,7
"Meliss, Verena",Italy,7
"Melnikova, Marina",Russia,5
"Melzer, Gerald",Austria,5
"Mena, Facundo",Argentina,11
"Mendez, Seone",Australia,4
"Menezes, João",Brazil,3
"Menguene, Malkia",USA,3
"Mensik, Jakub",Czech Republic,11
"Mercadier, Naia",France,1
"Meri, Eszter",Slovakia,4
"Merida Aguilar, Daniel",Spain,20
"Merlo, Rocio Daniela",Argentina,1
"Mertens, Elise",Belgium,4
"Metreveli, Aleksandre",Georgia,1
"Mettraux, Marie",Switzerland,4
"Meyer Auf Der Heide, Luisa",Germany,3
"Mi, Tianmi",China,6
"Miceli, Marco",Italy,4
"Michalik, Radovan",Slovakia,6
"Michalski, Daniel",Poland,5
"Michelsen, Alex",USA,6
"Michnev, Petr",Czech Republic,4
"Micic, Elena",Australia,6
Middendorf Julia,Germany,8
"Midon, Lautaro",Argentina,12
"Miedler, Lucas",Austria,2
"Mihulka, Bridget",Australia,2
"Mikhailova, Maria",Russia,3
"Mikhaylova, Victoria",Russia,4
"Mikrut, Luka",Croatia,2
"Mikulskytė, Justina",Lithuania,8
"Milanese, Sara",Italy,5
"Milatova, Sofia",Slovakia,9
"Miletich, Iannis",Italy,2
"Milev, Yanaki",Bulgaria,10
"Militi Ribaldi, Andrea",Italy,2
"Milojević, Nikola",Serbia,1
"Milovanovic, Elena",Serbia,8
"Mincheva, Vlada",Russia,2
"Minighini, Daniele",Italy,4
"Minnen, Greet",Belgium,8
"Mintegi Del Olmo, Ane",Spain,3
"Miroshnichenko, Veronica",Russia,6
"Misasi, Giannicola",Italy,1
"Misolic, Filip",Austria,1
"Mitu, Andreea",Romania,1
"Miyata, Moeka",Japan,6
"Miyazaki, Yuriko Lily",United Kingdom,16
"Miyoshi, Kenta",Japan,2
"Mladenovic, Kristina",France,4
"Mmoh, Michael",USA,4
"Mochizuki, Shintaro",Japan,3
"Mochizuki, Yuki",Japan,4
"Modesti, Vittoria",Italy,6
"Moeller, Elmer",Denmark,1
"Moghimi, Sina",Iran,1
"Mohamed, Helena",France,1
"Molcan, Alex",Slovakia,4
"Molino, Javier",Spain,3
"Molleker, Rudolf",Germany,7
"Monakhova, Dariia",Russia,2
"Monferrer, Ezequiel",Argentina,9
"Monfils, Gaël",France,9
"Monnet, Carole",France,7
"Monnot , Amandine",France,5
"Monroy, Yuliana",Colombia,1
"Monteiro, Thiago",Brazil,8
"Montgomery, Robin",USA,8
"Monzon, Ignacio",Argentina,3
"Moraing, Oscar",Germany,2
"Morandais, Jean-Christian",Guadeloupe,4
"Morandais, Jean-Christian",NG,1
"Morderger, Tayisiya",Germany,6
"Morderger, Yana",Germany,3
"Moreno de Alboran, Nicolas",USA,11
"Morisaki, Kanako",Japan,7
"Moriya, Hiroki",Japan,6
"Moro Canas, Alejandro",Spain,6
"Moroni, Gian Marco",Italy,8
"Morreale, Lavinia",Italy,3
"Morvayova, Viktoria",Slovakia,5
"Mossur, Mykhailo",Ukraine,2
"Mott, Blake",Australia,4
"Mouilleron Salvo, Manuel",Argentina,11
"Moutet, Corentin",France,10
"Mpetshi Perricard, Giovanni",France,10
"Mujakic, Alen",Germany,1
"Mukund, Sasikumar",India,7
"Muller, Alexandre",France,3
"Munar, Jaume",Spain,6
"Muniyan, Arthi",India,1
"Munk Mortensen, Rebecca",Denmark,11
"Muntean, Victoria",France,2
"Muramatsu, Chihiro",Japan,2
"Murgett, Bronte",United Kingdom,6
"Murray, Andy",United Kingdom,5
"Musetti, Lorenzo",Italy,4
"Mushika, Mio",Japan,3
"Musitelli, François",France,1
"Möller, Marvin",Germany,3
"Nad, Peter",Slovakia,4
"Nadaf, Hamid Reza",Iran,1
"Naef, Celine",Switzerland,11
"Nagal, Sumit",India,11
"Nagata, Anri",Japan,6
"Nagel, Arthur",France,6
"Nagy, Adrienn",Hungary,6
"Nahimana, Sada",Burundi,3
"Naito, Yuki",Japan,8
"Nakagawa, Naoki",Japan,1
"Nakagawa, Shunsuke",Japan,3
"Nakashima, Brandon",USA,10
"Naklo, Thasaporn",Thailand,2
"Namigandet Tenguere, Loic",France,5
"Nandal, Yuvan",India,1
"Napolitano, Stefano",Italy,8
"Nardi, Luca",Italy,13
"Nava Elkin, Amanda Carolina",Mexico,3
"Nava, Emilio",USA,12
"Navarro Oliva, Maria Fernanda",Mexico,2
"Navarro, Emma",USA,10
"Navone, Mariano",Argentina,8
"Naw, Hazem",Syria,13
"Nedelchev, Nikolay",Bulgaria,10
"Neffa De Los Rios, Ana Paula",Paraguay,6
"Nefve, Axel",USA,7
"Negritu, Christoph",Germany,7
"Neilson Gatenby, Talia",United Kingdom,10
"Nepliy, Elina",Russia,3
"Nesterov, Alexey",Russia,6
"Nesterov, Petr",Bulgaria,7
"Neumayer, Lukas",Austria,6
"Newborn, Rhiann",USA,2
"Ng, Man Ying Maggie",Hong Kong,5
"Ngounoue, Clervie",USA,4
"Nguyen Tan, Lucie",France,12
"Nicault, Ines",France,3
"Nicod, Jakub",Czech Republic,15
"Niemeier, Jule",Germany,11
"Nijboer, Ryan",Netherlands,2
"Nikles, Johan",Switzerland,11
"Nikolenko, Tatyana",Kazakhstan,4
"Nishimura, Kayo",Japan,11
"Nishioka, Yoshihito",Japan,7
"Nishiwaki, Kazuki",Japan,1
"Nitture, Akanksha Dileep",India,4
"Noce, Gabriele Maria",Italy,3
"Noguchi, Rio",Japan,4
"Noha Akugue, Noma",Germany,8
"Nordquist, Arvid",Sweden,3
"Norrie, Cameron",United Kingdom,5
"Noskova, Linda",Czech Republic,6
"Nouza, Petr",Czech Republic,1
"Novak, Dennis",Austria,3
"Novo, Ignacio",Argentina,4
"Nunez, Daniel Antonio",Chile,1
"Nuudi, Maileen",Estonia,5
"Nylander Altelius, Jacquline",Sweden,6
"O'Connell, Christopher",Australia,6
"O`Hoisin, Osgar",Ireland,9
"Oberleitner, Neil",Austria,6
"Obradovic, Dusan",Serbia,2
"Ochi, Makoto",Japan,4
"Oetzbach, Adrian",Germany,8
"Ofner, Sebastian",Austria,3
"Ogata, Haine",Japan,1
"Ogura, Kosuke",Japan,9
"Ojakaar, Oliver",Estonia,14
"Okalova, Martina",Slovakia,2
"Okamura, Issei",Japan,5
"Okamura, Kyoka",Japan,2
"Okonkwo, Oliver",United Kingdom,1
"Okuwaki, Rinon",Japan,9
"Oliel, Yshai",Israel,8
"Oliveira, Gonçalo",Portugal,5
"Oliver Sanchez, Maria",Spain,7
"Olivetti, Albano",France,3
"Olivieri, Genaro Alberto",Argentina,4
"Olivo, Renzo",Argentina,4
"Oliynykova, Oleksandra",Ukraine,3
"Oluwadare, Hephzibah",United Kingdom,1
"Omae, Akiko",Japan,3
"Onclin, Gauthier",Belgium,10
"Opitz, Jannik",Germany,3
"Oplustil, Patrik",Czech Republic,1
"Oradini, Giovanni",Italy,7
"Ormaechea, Paula",Argentina,4
"Ortenzi, Gian Marco",Italy,8
"Ortenzi, Jazmin",Argentina,6
"Osabuohien, Adesuwa",Nigeria,3
"Osaka, Naomi",Japan,7
"Osborne, Alexandra",Australia,4
"Osorio Serrano, María Camila",Colombia,4
"Osorio, Juan Sebastian",Colombia,3
"Ostapenko, Jelena",Latvia,8
"Ostapenkov, Daniil",Belarus,3
"Osterreicher, Mavie",Austria,3
"Osuigwe, Victoria",USA,3
"Osuigwe, Whitney",USA,9
"Otegui, Juan Bautista",Argentina,11
"Otte, Oscar",Germany,2
"Ouakaa, Aziz",Tunisia,4
"Oumaouche, Rayane",France,2
"Ovcharenko, Ekaterina",Russia,5
"Ovcharenko, Oleksandr",Ukraine,20
"Ozeki, Ayaka",Japan,2
"Ozeki, Michika",Japan,5
"Ozerova, Anna",Latvia,2
"Pacheco Méndez, Rodrigo",Mexico,2
"Paganetti, Vittoria",Italy,2
"Paire, Benoit",France,3
"Palan, Dominik",Czech Republic,2
"Palecek, Nikol",Serbia,2
"Palicova, Barbora",Czech Republic,14
"Palosi, Stefan",Romania,13
"Pampanin, Pietro",Italy,7
"Panaras, Adam",France,3
"Pang, Renlong",China,3
"Pang, Sarah",Singapore,1
"Pannu, Kiranpal",New Zealand,5
"Panák, Yvo",Czech Republic,7
"Paoletti, Matilde",Italy,3
"Paolini, Jasmine",Italy,9
"Papac, Tomislav Edward",Australia,5
"Papadakis, Lena",Germany,5
"Papamalamis, Theo",France,7
"Papamichail, Despina",Greece,8
"Parentini Vallega Montebruno, Ginevra",Italy,5
"Parizzia, Nicolas",Switzerland,14
"Park, Sohyun",South Korea,4
"Park, Subin",South Korea,2
"Parker, Stuart",United Kingdom,7
"Parnaby, Alana",Australia,6
"Parravicini, Gaia",Italy,5
"Parrizas Diaz, Nuria",Spain,5
"Parry, Diane",France,8
"Partaud, Marine",France,2
"Passaro, Francesco",Italy,5
"Paszek, Tamira",Austria,4
"Patil, Sonal",India,3
"Pattinama Kerkhove, Lesley",Netherlands,3
"Paukštytė, Patricija",Lithuania,9
"Paul, Jakub",Switzerland,8
"Paul, Tommy",USA,11
"Pavel, Bogdan",Romania,5
"Pavlou , Dimitra",Greece,5
"Pavlova, Kira",Russia,7
"Pavlovic, Luka",France,5
"Pavlyuchenkova, Anastasia",Russia,11
"Pawelski, Martyn",Poland,14
"Pawlak, Lucie",France,4
"Payet, Pauline",France,4
"Paz, Juan Pablo",Argentina,5
"Pearson, Kody",Australia,2
"Pecci, Alessandro",Italy,5
"Pecotić, Matija",Croatia,2
"Pedone, Georgia",Italy,5
"Pedretti, Thaisa Grana",Brazil,8
"Pedrico Kravtsov, Albert",Spain,6
"Pegula, Jessica",USA,5
"Pel, Stijn",Netherlands,5
"Peliwo, Filip",Poland,7
"Pellegrino, Andrea",Italy,4
"Pennaforti, Gabriele",Italy,5
"Pera, Bernarda",USA,10
"Pereira, Jose",Brazil,4
"Pereira, Rebeca",Brazil,2
"Pereira, Tiago",Portugal,4
"Perello Saavedra, Judith",Spain,4
"Perez Contri, Sergi",Spain,3
"Perez Garcia, Maria Paulina",Colombia,1
"Perez Sanz, David",Spain,2
Perfetti Noah,Italy,15
"Perrin, Conny",Switzerland,1
"Perruzza, Valerio",Italy,1
"Peterson, Rebecca",Sweden,3
"Petretic, Laia",France,2
"Pfeifer, Lara",Italy,5
"Phanthala, Margot",France,2
"Philippov, Evgeny",Russia,4
"Piatti, Rocco",Monaco,2
"Picchione, Andrea",Italy,3
"Pichler, David",Austria,3
"Pieczkowski, Olaf",Poland,6
"Pieri, Jessica",Italy,12
"Pieri, Samuele",Italy,5
"Pieri, Tatiana",Italy,3
"Pierre, Hugo",France,3
"Pietri, Benjamin",France,11
"Pigossi, Laura",Brazil,11
"Pinto, Giorgia",Italy,2
"Piraino, Gabriele",Italy,7
"Piros, Zsombor",Hungary,9
"Pisaric, Aleksa",Serbia,5
"Plaza Araujo, Luana",Brazil,9
"Plipuech, Peangtarn",Thailand,7
"Plunger, Manuel",Italy,3
"Plíšková, Karolína",Czech Republic,11
"Pochtovyk, Krystyna",Ukraine,4
"Podlinska, Marcelina",Poland,7
"Podoroska, Nadia",Argentina,11
"Podorozhnyi, Artem",Ukraine,1
"Podrez, Veronika",Ukraine,2
"Poduraeva, Mariya",Ukraine,2
"Poertner, Lasse",Germany,1
"Pogosian, Sergei",Russia,11
"Pokorny, Lukas",Slovakia,2
"Pokotilov, Boris",Russia,4
"Poling, Lilian",USA,5
"Poljak, David",Czech Republic,4
"Poljicak, Mili",Croatia,8
"Polmans, Marc",Australia,1
"Polukhin, Savva",Russia,4
"Ponchet, Jessika",France,8
"Pontjodikromo, Sidane",Netherlands,3
"Ponwith, Nathan",USA,4
"Popa Teiusanu, Vanessa Ioana Georgiana",Romania,4
"Popa, Maria Sara",Romania,6
"Popescu, Alessia",Romania,2
"Popko, Dmitry",Kazakhstan,30
"Poplavska, Anastasiya",Ukraine,5
"Popovic, Ivana",Australia,3
"Popovic, Stefan",Serbia,5
"Popyrin, Alexei",Australia,5
"Portillo Ramirez, Maria Jose",Mexico,8
"Pospisil, Vasek",Canada,5
"Potapova, Anastasia",Russia,7
"Potenza, Luca",Italy,10
"Potocnik, Nina",Slovenia,1
"Pouille, Lucas",France,9
"Poullain, Lucas",France,5
"Prabodh, Suraj R",India,1
"Prado Angelo, Juan Carlos",Bolivia,7
"Preston, Taylah",Australia,6
"Pridankina, Elena",Russia,15
"Prihodko, Oleg",Ukraine,8
"Primorac, Iva",Croatia,8
"Prisăcariu, Andreea",Romania,4
"Privara , Peter Benjamin",Slovakia,7
"Prižmić, Dino",Croatia,3
"Prozorova, Tatiana",Russia,2
"Pucinelli de Almeida, Matheus",Brazil,8
"Pujol Navarro, Bruno",Spain,4
"Purcell, Max",Australia,2
"Purtseladze, Saba",Georgia,11
"Puskar, Samuel",Slovakia,9
"Putintseva, Yulia",Kazakhstan,9
"Puttergill, Calum",Australia,2
"Pérez, Brandon",Venezuela,8
"Qamar, Faisal",India,1
"Quevedo, Kaitlin",Spain,11
"Quinn, Ethan",USA,6
"Rabin, Sol",Argentina,3
"Rachapudi, Prathyusha",India,4
"Radakovic, Laura",Bosnia & Herzegovina,1
"Radanović, Dejana",Serbia,5
"Radivojevic, Lola",Serbia,2
"Radišić, Nika",Slovenia,6
"Radjenovic, Vuk",Serbia,9
"Radovanovic, Nina",France,1
"Raducanu, Emma",United Kingdom,3
"Radulov, Iliyan",Bulgaria,4
"Radulova, Yoana",Bulgaria,1
"Radwańska, Urszula",Poland,11
"Raggi, Angelica",Italy,5
"Rai, Ajeet",New Zealand,2
"Raina, Ankita",India,6
"Rajesh, Neel",USA,2
"Rakhimova, Kamilla",Russia,4
"Rakki, Selya",France,2
"Rakotomalala, Maneva",France,7
"Rakotomanga Rajaonah, Tiantsoa Sarah",France,11
"Ramanathan, Ramkumar",India,13
"Rame, Alice",France,13
"Ramirez, Evita",France,1
"Ramos-Vinolas, Albert",Spain,6
"Ramskogler, Gregor",Austria,3
"Rao, Sandeepti Singh",India,2
"Raonic, Milos",Canada,3
"Rapagnetta, Daniele",Italy,2
"Raquillet, Leo",France,3
"Raschdorf, Carolin",Germany,5
"Rathi, Anjali",India,5
"Ratti, Lucio",Argentina,13
"Rawat, Sidharth",India,1
"Reami, Adriana",USA,7
"Reco, Alexandre",France,2
"Reddy, Rishi",India,8
"Reed, Lexington",USA,2
"Refaat, Merna",Egypt,3
"Reguer, Alyssa",France,5
"Rehberg, Max Hans",Germany,8
"Reitano, Stefano",Italy,3
"Ren, Yufei",China,8
"Reveniau, Simon",France,2
"Rey Garcia, Alba",Spain,1
"Reyngold, Ekaterina",Russia,6
"Rezai, Aravane",France,5
"Ribecai, Michele",Italy,8
"Ribeiro Lago, Elio Jose",Italy,5
"Ribeiro, Eduardo",Brazil,4
"Ribero, Franco",Argentina,18
"Ricca, Giorgio",Italy,2
"Ricci, Beatrice",Italy,9
"Riedi, Leandro",Switzerland,5
"Riera, Julia",Argentina,4
"Rinaldo Persson, Kajsa",Sweden,6
"Rincon, Daniel",Spain,2
"Rinderknech, Arthur",France,9
"Rioux, Lisa-Marie",Japan,4
"Rispoli, Nicola",Italy,2
"Ristic, Mia",Serbia,1
"Ritschard, Alexander",Switzerland,7
"Rivera, Leyton",Norway,3
"Rivet, Maxence",France,2
"Rivkin, Nikol",Germany,4
"Robbe, Alice",France,4
"Robinson, Jada",USA,4
"Roca Batalla, Oriol",Spain,4
"Rocens, Martins",Latvia,6
"Rocha, Francisco",Portugal,8
"Rocha, Henrique",Portugal,12
"Rodesch, Chris",Luxembourg,1
"Rodionov, Jurij",Austria,6
"Rodionova, Arina",Australia,5
"Rodrigues, Laelson",Brazil,1
"Rodriguez Rodriguez, Johan Alexander",Colombia,6
"Rodriguez Taverna, Santiago",Argentina,4
"Rodriguez, Lorenzo Joaquin",Argentina,9
"Rodriguez, Victoria",Mexico,12
"Rodríguez, Juliana",Uruguay,5
"Rodríguez-Pace, Ricardo",Venezuela,4
"Rogers, Anna Sinclair",USA,7
"Rogers, Shelby",USA,2
"Romano, Filippo",Italy,9
"Romboli, Fernando",Brazil,1
"Romero Gormaz, Leyre",Spain,13
"Romero, Camila",Ecuador,2
"Roncadelli, Franco",Uruguay,5
"Rosatello, Camilla",Italy,2
"Rosenkranz, Mats",Germany,6
"Rossi, Leonardo",Italy,4
"Rottgering, Mees",Netherlands,5
"Rottoli, Lorenzo",Italy,5
"Roumane, Rayane",Algeria,1
"Roura Llaverias, Ruth",Spain,2
"Rouvroy, Margaux",France,7
"Roveri Sidney, Gabriel",Brazil,3
"Royer, Valentin",France,5
"Rublev, Andrey",Russia,7
"Ruehl, Tim",Germany,2
"Ruggeri, Jennifer",Italy,4
"Rune, Holger",Denmark,9
"Rus, Arantxa",Netherlands,3
"Ruse, Elena Gabriela",Romania,5
"Rushiti, Arlinda",Kosovo,2
"Rushiti, Arlinda",NG,4
"Rushiti, Arlinda",Switzerland,2
"Rustemova, Zhanel",Kazakhstan,2
"Ruud, Casper",Norway,13
"Ruusuvuori, Emil",Finland,6
"Ružić, Antonia",Croatia,11
"Ryan Ziegann, Sam",Australia,3
"Rybakina, Elena",Kazakhstan,15
"Rybakov, Alex",USA,11
"Ryser, Valentina",Switzerland,5
"Sabalenka, Aryna",Belarus,3
"Sabanin, Yan",Russia,1
"Sach, Tai",Australia,5
"Sadaoui, Mehdi",France,1
"Sadiković, Amra",Switzerland,1
"Sadiq, Soha",India,4
"Safiullin, Roman",Russia,2
"Safonov, Aristarkh",Russia,9
"Safta, Anastasia",Romania,1
"Safwat, Mohamed",Egypt,7
"Sagandikova, Aruzhan",Kazakhstan,1
"Saigo, Rina",Japan,10
"Saigo, Yukina",Japan,2
"Saito, Sara",Japan,8
"Saitoh, Keisuke",Japan,11
"Sakamoto, Pedro",Brazil,9
"Sakamoto, Rei",Japan,3
"Sakatsume, Himeno",Japan,8
"Sakellaridi, Sapfo",Greece,17
"Sakellaridis, Dimitris",Greece,8
"Sakellaridis, Stefanos",Greece,18
"Sakharov, Gleb",France,3
"Sakkari, Maria",Greece,9
"Salas, Emmanuelle",France,1
"Salazar, Daniel",Colombia,1
"Salden, Lara",Belgium,5
"Salkova, Dominika",Czech Republic,14
"Salle, Fabien",France,11
"Salomone, Federico",Italy,9
"Salton, Dylan",South Africa,2
"Salvi, Linda",Italy,1
"Samardzic, Ayline Esina",Switzerland,6
"Samir, Sandra",Egypt,18
"Samrej, Kasidit",Thailand,4
"Samsonova, Laura",Czech Republic,6
"Samsonova, Liudmila",Russia,5
"Sanchez Izquierdo, Nikolas",Spain,6
"Sanchez Jover, Carlos",Spain,6
"Sanchez Quilez, Alejo",Spain,10
"Sanchez, Ana Sofia",Mexico,3
"Sandberg, Vivien",Germany,3
"Sandgren, Tennys",USA,3
"Saner, Julita",Sweden,2
"Santos, Ana Filipa",Portugal,7
"Sanz-Llaneza Fernandez, Almudena",Spain,2
"Saraiva dos Santos, Paulo André",Brazil,8
"Sarkisova, Karine",Russia,1
"Sasnovich, Aliaksandra",Belarus,2
"Sato, Hikaru",Japan,1
"Sato, Naho",Japan,15
"Sauvant, Chantal",Germany,9
"Saville, Daria",Australia,7
"Saville, Luke",Australia,13
"Savinykh, Valeria",Russia,5
"Sawangkaew, Mananchaya",Thailand,8
"Sawant, Madhurima",India,2
"Sawasdee, Watsachol",Thailand,3
"Schachter, Noah",USA,4
"Schaefer, Anne",Germany,4
"Schaer, Jonas",Switzerland,3
"Schiessl, Joao Eduardo",Brazil,10
"Schiessl, João Eduardo",Brazil,1
"Schmidt, Antonia",Germany,8
"Schmidt, Lara",Germany,5
"Schmidt, Mara",USA,2
"Schmiedlova, Anna-Karolina",Slovakia,5
"Schoolkate, Tristan",Australia,6
"Schunk, Nastasja Mariana",Germany,6
"Schwartzman, Diego",Argentina,2
"Schwarzler, Joel Josef",Austria,9
"Sciahbasi, Lorenzo",Italy,1
"Scilipoti, Sebastianna",Switzerland,9
"Scott, Katrina",USA,6
"Searle, Henry",United Kingdom,5
"Seateun, Nathan",France,1
"Sebestova, Ivana",Czech Republic,3
"Sedysheva, Anna",Russia,3
"Seggerman, Ryan",USA,1
"Seguel, Daniela",Chile,1
"Segura, Matthew",USA,2
"Seibold, Emily",Germany,4
"Seidel, Ella",Germany,4
"Sekulic, Philip",Australia,6
"Sekulic, Sarah Rebecca",Germany,2
"Selekhmeteva, Oksana",Russia,7
"Sell, Karue",Brazil,10
"Sels, Jelle",Netherlands,7
"Sema, Erika",Japan,4
"Semenistaja, Darja",Latvia,8
"Semenova, Anna",Russia,4
"Serafini, Marcello",Italy,10
"Serban, Raluca Georgiana",Cyprus,4
"Serdarušić, Nino",Croatia,9
"Sevastova, Anastasija",Latvia,4
"Seyboth Wild, Thiago",Brazil,11
"Sezer, Melis",Turkey,3
"Shalimova, Ekaterina",Russia,4
"Shan, Yu",China,3
"Shang, Juncheng",China,4
"Shanmugam, Abhinav Sanjeev",India,2
"Shapatava, Sofia",Georgia,11
"Shapovalov, Denis",Canada,5
"Sharipov, Marat",Russia,4
"Sharma, Astra",Australia,1
"Shaw, Michael",United Kingdom,6
"Shebekin, Grigory",Russia,3
"Shebekina, Elizaveta",Russia,6
"Sheehy, Joshua",USA,2
"Shelbayh, Abedallah",Jordan,6
"Shelton, Ben",USA,7
"Shevchenko, Alexander",Kazakhstan,6
"Sheyngezikht, Leonid",Bulgaria,4
"Shi, Han",China,7
"Shibahara, Ena",Japan,10
"Shimabukuro, Sho",Japan,1
"Shimanov, Ofek",Israel,5
"Shimizu, Ayano",Japan,3
"Shimizu, Eri",Japan,6
"Shimizu, Yuta",Japan,8
"Shin, Maksim",Uzbekistan,8
"Shin, Woobin",South Korea,3
"Shinde, Vasanti",India,1
"Shinikova, Isabella",Bulgaria,6
"Shiraishi, Hikaru",Japan,13
"Shnaider, Diana",Russia,11
"Shubladze, Alexandra",Russia,10
"Shyla, Yaraslav",Belarus,6
"Shymanovich, Iryna",Belarus,8
"Shyovitz, Eyal",Israel,3
"Sibille, Imran",Morocco,3
"Sieg, Madison",USA,4
"Siegemund, Laura",Germany,4
"Sierra, Solana",Argentina,6
"Sijbesma, Marente",Netherlands,7
"Silva, Eden",United Kingdom,2
"Silva, Johanna",Germany,10
"Simakin, Ilia",Russia,10
"Simion, Oana Georgeta",Romania,3
"Simkiss, Luke",United Kingdom,1
"Simonit, Ezequiel",Argentina,13
"Simonsson, Fred",Sweden,9
"Simunyu, Celine",Ireland,4
"Sin, San Hui",South Korea,3
"Singh, Karan",India,4
"Sinha, Nitin Kumar",India,6
"Siniakov, Daniel",Czech Republic,1
"Siniakova, Katerina",Czech Republic,6
"Sinner, Jannik",Italy,15
"Siskova, Anna",Czech Republic,8
"Skatov, Timofey",Kazakhstan,5
"Skorilas, Alexandros",Greece,8
"Slavíková, Emma",Czech Republic,3
"Slump, Stijn",Netherlands,16
"Smejkalova, Amelie",Czech Republic,3
"Smiej, Yassine",Morocco,1
"Smith, Alana",USA,4
"Smith, Alicia",Australia,1
"Smith, Keegan",USA,8
"Smith, Tina Nadine",Australia,8
"Snigireva, Anna",Russia,3
"Snigur, Daria",Ukraine,6
"Soboleva, Anastasiya Konstantinovna",Ukraine,4
"Sonego, Lorenzo",Italy,2
"Sonmez, Zeynep",Turkey,7
"Sonobe, Wakana",Japan,3
"Sorensen, Luke",Australia,5
"Sorger, Sebastian",Austria,4
"Soriano Barrera, Adria",Colombia,17
"Sorrentino, Luigi",Italy,1
"Sorribes Tormo, Sara",Spain,2
"Soto, Matias",Chile,7
"Soulie, Alice",France,1
"Sousa, Joao",Portugal,2
"Southcombe, Mattias",United Kingdom,3
"Sperle, John",Germany,8
"Speziali, Filippo",Italy,2
"Spiridon, Denis Constantin",Italy,8
"Spiteri, Dalila",Italy,3
"Squarcialupi, Gaia",Italy,2
"Squire, Henri",Germany,13
"Srbljak, Gorazd",North Macedonia,3
"Stagno, Beatrice",Italy,2
"Stakusic, Marina",Canada,6
"Stakusic, Marko",Canada,4
"Stanke, Cedric",Germany,2
"Stankovic, Anja",Serbia,8
"Starodubtsewa, Yulia",Ukraine,3
"Stater, Alexander",USA,4
"Statham, Rubin",New Zealand,1
"Stearns, Peyton",USA,3
"Stefanini, Lucrezia",Italy,4
"Steinegger, Yannik",Switzerland,5
"Steiner, Maik",Germany,13
"Stephens, Sloane",USA,5
"Steur, Joelle Lilly Sophie",Germany,10
"Stevanović, Natalija",Serbia,3
"Stevenson, Kelsey",Canada,1
"Stevic, Helena",France,4
"Stewart, Hamish",United Kingdom,8
"Stodder, Timo",Germany,2
"Stoiber, Ranah Akua",United Kingdom,3
"Stoilkovska, Magdalena",North Macedonia,4
"Stojanova, Jana",Bulgaria,6
"Stojsavljevic, Mika",United Kingdom,4
"Stollar, Fanny",Hungary,3
"Storrie, Ryan James",United Kingdom,6
"Strakhova, Valeriya",Ukraine,2
"Strešnáková, Katarína",Slovakia,2
"Strode, Elijah",USA,4
"Strode, Isaiah",USA,3
"Strombachs, Robert",Germany,2
"Struff, Jan-Lennard",Germany,4
"Struplova, Julie",Czech Republic,3
"Stuurman, Roland",Netherlands,12
"Sugnaux, Tess",Switzerland,15
"Sukhotina, Anastasia",Russia,3
"Sultanov, Khumoyun",Uzbekistan,10
"Sumizawa, Daisuke",Japan,5
"Summers, Matthew",United Kingdom,7
Sun,Switzerland,7
"Sun, Fajing",China,4
"Sun, Yifan",China,5
"Sureshkumar, Manish",India,2
"Suvirdjonkova, Darja",Serbia,3
"Suzuki, Ko",Japan,2
"Svajda, Trevor",USA,6
"Svajda, Zachary",USA,9
"Svendsen, Johanne Christine",Denmark,3
"Svitolina, Elina",Ukraine,3
"Swan, Katie",United Kingdom,2
"Sweeny, Dane",Australia,9
"Swiatek, Iga",Poland,16
"Szabanin, Natalia",Hungary,11
"Szabo, Briana",Romania,2
"Szajrych, Jasza",Poland,8
"Sziedat, Franziska",Germany,1
"Szostak, Marine",France,2
"Szymczuch, Oliwia",Poland,3
"Tabacco, Fausto",Italy,8
"Tabacco, Giorgio",Italy,12
"Taberner, Carlos",Spain,6
"Tabilo, Alejandro",Chile,8
"Tabur, Clement",France,10
"Tagger, Lilli",Austria,1
"Tajima, Naoki",Japan,4
"Takada, Mao",Japan,1
"Takahashi, Yusuke",Japan,4
"Takamisawa, Taketo",Japan,4
"Tamm, Kristjan",Estonia,3
"Tammaro, Mariano",Italy,15
"Tan, Harmony",France,8
"Tararudee, Lanlana",Thailand,12
"Tatu, Sarah",United Kingdom,7
"Tauson, Clara",Denmark,5
"Te, Rigele",China,1
"Tedesco, Giulia",Italy,1
"Teichmann, Jil",Switzerland,1
"Tenti, Fermin",Argentina,9
"Tessa, Louis",France,9
"Thanos, Aristotelis",Greece,5
"Thiem, Dominic",Austria,3
"Thompson, Belle",Australia,3
"Thompson, Jordan",Australia,9
"Thongkum, Pimmada",Thailand,2
"Thurner, Noah",Germany,7
"Tiafoe, Frances",USA,5
"Tikhonova, Anastasia",Russia,10
"Timofeeva, Maria",Russia,3
"Tirante, Thiago Agustin",Argentina,5
"Tiurnev, Evgenii",Russia,9
"Tjandramulia, Olivia",Australia,1
"Tkemaladze, Zura",Georgia,5
"Todoni, Anca Alexia",Romania,6
"Tokuda, Renta",Japan,2
"Toma, Maria",Romania,4
"Tomasetto, Luca",Italy,4
"Tomescu, Dan Alexandru",Romania,16
"Tomić, Bernard",Australia,7
"Tomova, Viktoriya",Bulgaria,5
"Tona, Miriana",Italy,7
"Tonejc, Vito",Croatia,5
"Topalova, Gergana",Bulgaria,3
"Topo, Marko",Germany,6
"Torres Murcia, Maria Camila",Colombia,3
"Torres, Benjamin",Chile,2
"Torres, Juan Bautista",Argentina,8
"Tosetto, Rafael",Brazil,7
"Toth, Amarissa Kiara",Hungary,13
"Townsend, Taylor",USA,8
"Tran, Demi",Netherlands,5
"Tran, Lian",Netherlands,1
"Travaglia, Stefano",Italy,8
"Traversi, Costanza",Italy,1
"Tresca, Giuseppe",Italy,10
"Trevisan, Martina",Italy,2
"Trinker, Jonas",Austria,1
"Trochu, Pablo",France,11
"Trongcharoenchaikul, Wishaya",Thailand,3
"Troost, Siim",Estonia,2
"Trotter, James Kent",Japan,6
"Trungelliti, Marco",Argentina,15
"Tsao, Chia Yi",Chinese Taipei,3
"Tseng, Chun Hsin",Chinese Taipei,12
"Tsitsipas, Pavlos",Greece,1
"Tsitsipas, Stefanos",Greece,7
"Tsurenko, Lesia",Ukraine,4
"Tsygourova, Katerina",Switzerland,4
"Tu, Li",Australia,11
"Tubello, Alice",France,17
"Tumasonis, Gabriel Pascotto",Brazil,4
"Turati, Anna",Italy,8
"Turini, Viola",Italy,6
"Turkmen, Doga",Turkey,3
"Turriziani Alvarez, Alejandro",Spain,7
"Tyler, Joe",United Kingdom,8
"Uchida, Kaichi",Japan,4
"Uchijima, Moyuka",Japan,7
"Uchiyama, Yasutaka",Japan,6
"Udvardy, Luca",Hungary,2
"Udvardy, Panna",Hungary,3
"Ueno Dalmonico, Paola",Brazil,2
"Uesugi, Kaito",Japan,4
"Ugo Carabelli, Camilo",Argentina,16
"Ugrelidze, Nina",USA,2
"Ujvary, Matthias",Austria,3
"Ulyashchenko, Anna",USA,1
"Urhobo, Akasha",USA,5
"Urrea, Andres",Colombia,5
"Urribarrens Ramirez, Iker",Spain,2
"Ursu, Vadym",Ukraine,18
"Uyar, Melis Ayda",Turkey,2
"Uzhylovsky, Vladimir",Ukraine,6
"VU, HA Minh Duc",Vietnam,1
"Vacherot, Valentin",Monaco,10
"Vadyala, Mansi",USA,2
"Vale, Duarte",Portugal,9
"Valente, Denise",Italy,1
"Valentova, Tereza",Czech Republic,15
"Vales, Amit",Israel,5
Vallejo Daniel,Paraguay,11
"Valsecchi, Paul",France,8
"Van Assche, Luca",France,6
"Van De Zandschulp, Botic",Netherlands,3
"Van Den Broek, Isis Louise",Netherlands,2
"Van Emburgh, Jake",USA,2
"Van Impe, Amelie",Belgium,2
"Van Orderlain, Drew",USA,4
"Van Poppel, Emma",Netherlands,2
"Van Tilburg, Ronetto",Netherlands,3
"Van Zijl, Twan",Netherlands,3
"Vandecasteele, Quinn",USA,2
"Vandermeersch, Cyril",France,9
"Vandewinkel, Hanne",Belgium,9
"Vangelova, Ani",Bulgaria,1
"Vanik, Jana",Germany,6
"Vankan, Marlon",Germany,4
"Vanlangendonck, Eliessa",Belgium,6
"Vanshelboim, Eric",Ukraine,6
"Vanta, Valentin",Romania,2
"Vardhan, Vishnu",India,2
"Vargová, Nina",Slovakia,14
"Varillas, Juan Pablo",Peru,12
"Varul, Liisa",Estonia,3
"Vasa, Eero",Finland,16
"Vasilyeva, Alexandra",Russia,9
"Vatteroni, Lorenzo",Italy,5
"Vatutin, Alexey",Russia,7
"Vavassori, Andrea",Italy,8
"Vedder, Eva",Netherlands,1
"Vekić, Donna",Croatia,7
"Verbin, Pavel",Russia,14
"Verma, Rhea",Canada,2
"Vesely, Jiri",Czech Republic,1
"Vetrih, Miha",Slovenia,7
"Vicens Mas, Rosa",Spain,1
"Vickery, Sachia",USA,9
"Vidal, Leticia Garcia",Brazil,5
"Vig, Saumya",India,3
"Vilicich, Bautista",Argentina,5
"Villanueva, Gonzalo",Argentina,10
"Villet, Marie",France,1
"Villoslada, Edouard",France,2
"Vincent Ruggeri, Samuel",Italy,16
"Vincent, Antoine",France,7
"Virali Murugesan, Ranjeet",India,2
"Virtanen, Otto",Finland,15
"Vishal Balsekar, Aditya",India,5
"Vishwakarma, Siddharth",India,6
"Visker, Niels",Netherlands,15
"Vismane, Daniela",Latvia,13
"Visscher, Stephanie Judith",Netherlands,5
"Vithoontien, Leo",Japan,9
"Viviani, Maria Vittoria",Italy,1
"Vlasselaer , Clara",Belgium,6
"Vlckova, Karolina",Czech Republic,5
"Vocel, Matěj",Czech Republic,5
"Voisin, Emilien",France,2
"Vojcinakova, Ingrid",Slovakia,4
"Vojinovic, Lazar",Serbia,1
"Volonski, Nikita",Australia,4
"Voloshchuk, Angelina",Portugal,2
"Volynets, Katie",USA,12
"Von Deichmann, Kathinka",Liechtenstein,4
"Vondroušová, Markéta",Czech Republic,4
"Voracek, Eva Marie",Germany,3
"Vrancken Peeters, Anouck",Netherlands,5
"Vrbensky, Michael",Czech Republic,5
"Vujic, Stefan",Australia,1
"Vukić, Aleksandar",Australia,5
"Vylegzhanin, Nikolay",Russia,12
"Vyrlan, Esther",USA,2
"Vázquez, Candela",Argentina,2
"WI, Hwui Won",South Korea,1
"Wagner, Stephanie",Germany,6
"Walch, Antoine",France,5
"Waldner, Niklas",Austria,9
"Waligora, Amelia",Belgium,5
"Walker, Brandy",USA,8
"Wallart, Enzo",France,3
"Wallner, Mark",Germany,1
Walters M.,United Kingdom,5
"Waltert, Simona",Switzerland,7
"Walton, Adam",Australia,16
"Wan, Elsa",Malaysia,2
"Wang, Jiaqi",China,1
"Wang, Qiulin",China,6
"Wang, Xinyu",China,6
"Wang, Xiyu",China,7
"Wang, Yafan",China,7
"Ward, Emmett",USA,1
"Wassermann, Deney",Netherlands,2
"Watanabe, Seita",Japan,3
"Watanuki, Yosuke",Japan,1
"Watson, Heather",United Kingdom,8
"Watt, James",New Zealand,5
"Wawrinka, Stan",Switzerland,1
"Weber, Arthur",France,1
"Webley-Smith, Emily",United Kingdom,4
"Weckerle, Marie",Luxembourg,16
"Wei, Sijia",China,3
"Weintraub, Ben",Israel,12
"Weir, Phoenix",United Kingdom,5
"Weis, Alexander",Italy,3
"Welte, Milan",Germany,7
"Wendelken, Harry",United Kingdom,3
"Wendler Filho, Jefferson",Brazil,5
"Wenger, Damien",Switzerland,7
"Werner, Caroline",Germany,8
"Werren, Paul",Austria,2
"Wessels, Louis",Germany,6
"Weststrate, Lodewijk",Netherlands,1
"Whitehouse, Mark",United Kingdom,3
"Wickmayer, Yanina",Belgium,1
"Wiersholm, Henrik",USA,13
"Wildgruber, Anja",Germany,3
"Wilson, Emma",United Kingdom,1
"Wirges, Angelina",Germany,3
"Wiskandt, Max",Germany,3
"Woerner, Paul",Germany,3
"Wolf, Jeffrey John",USA,1
"Wolff, Vivian",USA,3
"Wong, Chak Lam Coleman",Hong Kong,8
"Wong, Hong Kit",Hong Kong,3
"Wong, Hong Yi Cody",Hong Kong,11
"Wood, Warren",USA,3
"Wozniacki, Caroline",Denmark,5
"Wu, Ho Ching",Hong Kong,9
"Wu, Tung-Lin",Chinese Taipei,4
"Wu, Yibing",China,2
Würth Tara,Croatia,9
"Xiao, Linang",China,7
"Xiao, Zheng Hua",China,2
"Xilas, Ioannis",Greece,9
"Xu, Mingge",United Kingdom,6
"Xun, Fang Ying",China,9
"Yamaguchi, Mei",Japan,2
"Yamalapalli, Sahaja",India,6
"Yamanaka, Taiyo",Japan,11
"Yamasaki, Jumpei",Japan,8
"Yamazaki, Ikumi",Japan,7
"Yaneva, Elizara",Bulgaria,1
"Yang, Jimmy",Germany,4
"Yang, Yidi",China,4
"Yao, Xinxin",China,6
"Yashina, Ekaterina",Russia,6
"Yastremska, Dayana",Ukraine,3
"Yersh, Kseniya",Belarus,7
"Yesypchuk, Daria",Ukraine,7
"Yevseyev, Denis",Kazakhstan,4
"Yin, Bang Shuo",Chinese Taipei,3
"Ymer, Elias",Sweden,3
"Yoshioka, Kisa",Japan,2
"You, Xiaodi",China,6
"Yuan, Chengyiyi",China,8
"Yuan, Yue",China,11
"Yunchaokete, Bu",China,6
"Yörük, İlay",Turkey,3
"Zack, Alian",Israel,3
"Zahraj, Patrick",Germany,9
"Zakaryia, Faris",Egypt,12
"Zakharov, Alexey",Russia,10
"Zakharova, Anastasia",Russia,1
"Zakharova, Elina",Russia,3
"Zamarripa, Allura",USA,4
"Zamarripa, Maribella",USA,6
"Zanellato, Nicolas",Brazil,8
"Zanolini, Camilla",Italy,5
"Zantedeschi, Aurora",Italy,3
"Zapata Miralles, Bernabe",Spain,2
"Zarazúa, Renata",Mexico,1
"Zavatska, Katarina",Ukraine,4
"Zaytseva, Ksenia",Russia,9
"Zeballos, Federico",Bolivia,1
"Zeballos, Noelia",Bolivia,8
"Zekić, Miljan",Serbia,4
"Zelinskaya, Daria",Russia,5
"Zelníčková, Radka",Slovakia,16
"Zeng, Zixuan",China,4
"Zeppieri, Giulio",Italy,5
"Zgirovsky, Alexander",Belarus,1
"Zhang, Linghao",China,4
"Zhang, Ruien",China,1
"Zhang, Ying",China,6
"Zhang, Zhizhen",China,5
"Zhao, Carol",Canada,3
"Zhao, Xichen",China,7
"Zhao, Zhao",China,3
"Zheng, Qinwen",China,4
"Zheng, Wushuang",China,6
"Zhiyenbayeva, Sonja",Kazakhstan,1
"Zhou, Yi",China,7
"Zhu, Amy",USA,2
"Zhu, Chenting",China,4
"Zhu, Lin",China,5
"Zhu, Michael",USA,9
"Zhukayev, Beibit",Kazakhstan,2
"Zhukov, Maxim",Russia,11
"Zhzhenov, Konstantin",Russia,4
"Zidanšek, Tamara",Slovenia,2
"Zielinski, Marcel",Poland,1
"Zima, Leopold",Germany,9
"Zolotareva, Anastasia",Russia,11
"Zolotareva, Rada",Russia,6
"Zucchini, Arianna",Italy,12
"Zuchanska, Aleksandra Julia",Poland,4
"Zuk, Kacper",Poland,1
"Zusman, Richard",USA,5
"Zverev, Alexander",Germany,9
"Zvereva, Vlada",Belarus,3
"Zvonareva, Vera",Russia,1
"Zvonaru, Ioana",Romania,8
"de Krom, Michiel",Netherlands,10
"de Loore, Joris",Belgium,5
"de Michele, Fabio",Italy,1
"de Minaur, Alex",Australia,13
"de Schepper, Kenny",France,3
"van Emst, Sarah",Netherlands,10
"van Uytvanck, Alison",Belgium,6
"van Wyk, Kris",South Africa,12
"Östlund, Fanny",Sweden,1
"Öz, İpek",Turkey,5
"Özgen, Pemra",Turkey,8
"Ćorić, Borna",Croatia,4
"Ćubelić, Karlo",Germany,5
"Đaković , Mihaela",Serbia,5
"Ševčíková, Linda",Czech Republic,14
"Šrámková, Rebecca",Slovakia,10
"Švrčina, Dalibor",Czech Republic,6
